codice,tipo,nome,istituto,comune,provincia,indirizzo,telefono,email,email_utilizzabile,sito,alunni,distanza_km,minuti_auto
NAAA15801B,infanzia statale,Dante Alighieri,2° Circolo Didattico,Poggiomarino,NA,"Via G. Iervolino, 80040 Poggiomarino (NA)",081 3381043,naee15800g@istruzione.it,sì,https://www.secondocircolopoggiomarino.edu.it,151,0.9,2
NAAA15802C,infanzia statale,Tortorelle,2° Circolo Didattico,Poggiomarino,NA,"Via G. Iervolino 335, 80040 Poggiomarino (NA)",081 8651167,naee15800g@istruzione.it,sì,https://www.secondocircolopoggiomarino.edu.it,76,0.9,2
NAEE15808X,primaria statale,Flocco,2° Circolo Didattico,Poggiomarino,NA,"Piazza SS. Rosario, 80040 Poggiomarino (NA)",081 8651315,naee15800g@istruzione.it,sì,https://www.secondocircolopoggiomarino.edu.it,104,0.9,2
NAEE15803P,primaria statale,Miranda,2° Circolo Didattico,Poggiomarino,NA,"Via G. Iervolino, 80040 Poggiomarino (NA)",081 3381043,naee15800g@istruzione.it,sì,https://www.secondocircolopoggiomarino.edu.it,279,0.9,2
NAEE15801L,primaria statale,Tortorelle,2° Circolo Didattico,Poggiomarino,NA,"Via Iervolino 65, 80040 Poggiomarino (NA)",081 8651167,naee15800g@istruzione.it,sì,https://www.secondocircolopoggiomarino.edu.it,175,0.9,2
NAAA8F901X,infanzia statale,Via Roma,IC 1 Capoluogo,Poggiomarino,NA,"Via Roma 38, 80040 Poggiomarino (NA)",081 8651166,naic8f9003@istruzione.it,sì,https://www.ic1capoluogopoggiomarino.edu.it,138,0.9,2
NAEE8F9015,primaria statale,Giovanni Falcone,IC 1 Capoluogo,Poggiomarino,NA,"Via Roma, 80040 Poggiomarino (NA)",,naic8f9003@istruzione.it,sì,https://www.ic1capoluogopoggiomarino.edu.it,383,0.9,2
NAAA863011,infanzia statale,Via Nuova San Marzano,IC Eduardo De Filippo,Poggiomarino,NA,"Via Nuova San Marzano 2, 80040 Poggiomarino (NA)",081 5281103,naic863004@istruzione.it,sì,https://www.icdefilippopoggiomarino.edu.it,127,0.9,2
NAEE863016,primaria statale,Via Nuova San Marzano,IC Eduardo De Filippo,Poggiomarino,NA,"Via Nuova San Marzano 2, 80040 Poggiomarino (NA)",081 5281103,naic863004@istruzione.it,sì,https://www.icdefilippopoggiomarino.edu.it,354,0.9,2
NA1A0E500U,infanzia paritaria,Il Nido della Maestra Maria Teresa Forno,,Poggiomarino,NA,"Via R. Vastola 55, 80040 Poggiomarino (NA)",081 3381068,mtforno@libero.it,no: indirizzo personale,,24,0.9,2
NA1A58600G,infanzia paritaria,La Sirenetta,,Poggiomarino,NA,"Via XXIV Maggio 541, 80040 Poggiomarino (NA)",081 5284276,lasirenettascuola@gmail.com,sì,,28,0.9,2
NAAA18705G,infanzia statale,Boccia al Mauro,Circolo Didattico,Terzigno,NA,"Corso Alessandro Volta, 80040 Terzigno (NA)",081 8271941,naee18700g@istruzione.it,sì,https://www.scuolaprimariaterzigno.edu.it,40,3.4,8
NAAA18701B,infanzia statale,Capoluogo,Circolo Didattico,Terzigno,NA,"Via Gionti 11, 80040 Terzigno (NA)",081 8271941,naee18700g@istruzione.it,sì,https://www.scuolaprimariaterzigno.edu.it,129,3.4,8
NAAA18703D,infanzia statale,Palazzo Allocca,Circolo Didattico,Terzigno,NA,"Via Gionti 6, 80040 Terzigno (NA)",081 8271941,naee18700g@istruzione.it,sì,https://www.scuolaprimariaterzigno.edu.it,16,3.4,8
NAAA18702C,infanzia statale,Rosa Miranda,Circolo Didattico,Terzigno,NA,"Via Leoncavallo, 80040 Terzigno (NA)",081 8271941,naee18700g@istruzione.it,sì,https://www.scuolaprimariaterzigno.edu.it,37,3.4,8
NAAA18706L,infanzia statale,Viale Bifulco,Circolo Didattico,Terzigno,NA,80040 Terzigno (NA),081 8271941,naee18700g@istruzione.it,sì,https://www.scuolaprimariaterzigno.edu.it,18,3.4,8
NAEE18703P,primaria statale,Boccia al Mauro,Circolo Didattico,Terzigno,NA,"Via Nazionale 557, 80040 Terzigno (NA)",081 8271941,naee18700g@istruzione.it,sì,https://www.scuolaprimariaterzigno.edu.it,117,3.4,8
NAEE18701L,primaria statale,Capoluogo,Circolo Didattico,Terzigno,NA,"Via Gionti 11, 80040 Terzigno (NA)",081 8271941,naee18700g@istruzione.it,sì,https://www.scuolaprimariaterzigno.edu.it,161,3.4,8
NAEE187103,primaria statale,Palazzo Allocca,Circolo Didattico,Terzigno,NA,80040 Terzigno (NA),081 8271941,naee18700g@istruzione.it,sì,https://www.scuolaprimariaterzigno.edu.it,129,3.4,8
NAEE18707V,primaria statale,Rosa Miranda,Circolo Didattico,Terzigno,NA,"Via Leon Cavallo, 80040 Terzigno (NA)",081 8271941,naee18700g@istruzione.it,sì,https://www.scuolaprimariaterzigno.edu.it,115,3.4,8
NAEE18708X,primaria statale,Viale Bifulco,Circolo Didattico,Terzigno,NA,"Viale Bifulco, 80040 Terzigno (NA)",081 8271941,naee18700g@istruzione.it,sì,https://www.scuolaprimariaterzigno.edu.it,76,3.4,8
NAAA8C3015,infanzia statale,Sant'Antonio,IC Giusti,Terzigno,NA,"Via Sant'Antonio, 80040 Terzigno (NA)",081 8272333,naic8c3008@istruzione.it,sì,https://www.icsgiusti.it,45,3.4,8
NAEE8C301A,primaria statale,Sant'Antonio,IC Giusti,Terzigno,NA,"Via Sant'Antonio, 80040 Terzigno (NA)",081 8272333,naic8c3008@istruzione.it,sì,https://www.icsgiusti.it,85,3.4,8
NA1A65500R,infanzia paritaria,Fantasylandia,,Terzigno,NA,"Via Vanvitelli 141, 80040 Terzigno (NA)",081 5297290,fantasylandiaass@gmail.com,sì,,10,3.4,8
NA1A4P500P,infanzia paritaria,Percorsi Per,,Terzigno,NA,"Via Panoramica 2, 80040 Terzigno (NA)",081 3388516,percorsipercoop@pec.it,no: casella PEC,,,3.4,8
NA1A165003,infanzia paritaria,Sant'Antonio,,Terzigno,NA,"Via Sant'Antonio 39, 80040 Terzigno (NA)",081 8271800,infanzia_santantonio@virgilio.it,sì,,25,3.4,8
NAAA17703V,infanzia statale,Ceschelli,1° Circolo Didattico,San Giuseppe Vesuviano,NA,"Via Ceschelli, 80047 San Giuseppe Vesuviano (NA)",081 8271660,naee177001@istruzione.it,sì,https://www.primocircolosangiuseppevesuviano.edu.it,107,4.3,9
NAAA177129,infanzia statale,Rione Ionna,1° Circolo Didattico,San Giuseppe Vesuviano,NA,"Via Boccia, 80047 San Giuseppe Vesuviano (NA)",081 8271660,naee177001@istruzione.it,sì,https://www.primocircolosangiuseppevesuviano.edu.it,30,4.3,9
NAAA17702T,infanzia statale,Via Ceci,1° Circolo Didattico,San Giuseppe Vesuviano,NA,80047 San Giuseppe Vesuviano (NA),081 8271660,naee177001@istruzione.it,sì,https://www.primocircolosangiuseppevesuviano.edu.it,72,4.3,9
NAEE177023,primaria statale,Belvedere,1° Circolo Didattico,San Giuseppe Vesuviano,NA,"Via Belvedere, 80047 San Giuseppe Vesuviano (NA)",081 8271660,naee177001@istruzione.it,sì,https://www.primocircolosangiuseppevesuviano.edu.it,164,4.3,9
NAEE177012,primaria statale,Capoluogo,1° Circolo Didattico,San Giuseppe Vesuviano,NA,"Piazza Risorgimento 16, 80047 San Giuseppe Vesuviano (NA)",081 8271660,naee177001@istruzione.it,sì,https://www.primocircolosangiuseppevesuviano.edu.it,310,4.3,9
NAEE177034,primaria statale,Rossilli,1° Circolo Didattico,San Giuseppe Vesuviano,NA,"Via Ceci, 80047 San Giuseppe Vesuviano (NA)",081 8271660,naee177001@istruzione.it,sì,https://www.primocircolosangiuseppevesuviano.edu.it,192,4.3,9
NAAA8FJ019,infanzia statale,Pace,IC 3 Ceschelli,San Giuseppe Vesuviano,NA,"Via Scudieri, 80047 San Giuseppe Vesuviano (NA)",081 5295203,naic8fj00c@istruzione.it,sì,https://comprensivoterzoceschelli.edu.it,21,4.3,9
NAAA8FJ04C,infanzia statale,Rione Mattiuli,IC 3 Ceschelli,San Giuseppe Vesuviano,NA,"Via Mattiuli Presso Rione Nappi, 80047 San Giuseppe Vesuviano (NA)",081 8271988,naic8fj00c@istruzione.it,sì,https://comprensivoterzoceschelli.edu.it,6,4.3,9
NAAA8FJ03B,infanzia statale,Rione Nappi,IC 3 Ceschelli,San Giuseppe Vesuviano,NA,"Via Nappi Rione Nappi, 80047 San Giuseppe Vesuviano (NA)",081 8271988,naic8fj00c@istruzione.it,sì,https://comprensivoterzoceschelli.edu.it,25,4.3,9
NAAA8FJ02A,infanzia statale,Santa Maria la Scala,IC 3 Ceschelli,San Giuseppe Vesuviano,NA,"Via Ungaretti, 80047 San Giuseppe Vesuviano (NA)",081 8271988,naic8fj00c@istruzione.it,sì,https://comprensivoterzoceschelli.edu.it,23,4.3,9
NAEE8FJ01E,primaria statale,Casilli,IC 3 Ceschelli,San Giuseppe Vesuviano,NA,"Via Passnati 112, 80047 San Giuseppe Vesuviano (NA)",081 8285274,naic8fj00c@istruzione.it,sì,https://www.comprensivoterzoceschelli.it,237,4.3,9
NAEE8FJ03L,primaria statale,Luonghi,IC 3 Ceschelli,San Giuseppe Vesuviano,NA,"Via Mattiuli Presso Rione Nappi, 80047 San Giuseppe Vesuviano (NA)",081 8271988,naic8fj00c@istruzione.it,sì,https://www.comprensivoterzoceschelli.it,20,4.3,9
NAEE8FJ04N,primaria statale,Nappi,IC 3 Ceschelli,San Giuseppe Vesuviano,NA,"Via Nappi Rione Nappi, 80047 San Giuseppe Vesuviano (NA)",081 8271988,naic8fj00c@istruzione.it,sì,https://www.comprensivoterzoceschelli.it,80,4.3,9
NAEE8FJ02G,primaria statale,Pace,IC 3 Ceschelli,San Giuseppe Vesuviano,NA,"Via Scudieri, 80047 San Giuseppe Vesuviano (NA)",081 8274292,naic8fj00c@istruzione.it,sì,https://www.comprensivoterzoceschelli.it,28,4.3,9
NAEE8FJ05P,primaria statale,Santa Maria la Scala,IC 3 Ceschelli,San Giuseppe Vesuviano,NA,"Via Ungaretti, 80047 San Giuseppe Vesuviano (NA)",081 8271988,naic8fj00c@istruzione.it,sì,https://www.comprensivoterzoceschelli.edu.it,97,4.3,9
NAAA8HM012,infanzia statale,Croce Rossa,IC Ammendola-De Amicis,San Giuseppe Vesuviano,NA,"Via Crocce Rossa, 80047 San Giuseppe Vesuviano (NA)",081 8271161,naic8hm005@istruzione.it,sì,https://www.icammendoladeamicis.edu.it,44,4.3,9
NAAA8HM023,infanzia statale,San Leonardo,IC Ammendola-De Amicis,San Giuseppe Vesuviano,NA,"Via San Leonardo 2, 80047 San Giuseppe Vesuviano (NA)",081 8271161,naic8hm005@istruzione.it,sì,https://www.icammendoladeamicis.edu.it,55,4.3,9
NAEE8HM017,primaria statale,Croce Rossa,IC Ammendola-De Amicis,San Giuseppe Vesuviano,NA,"Via Croce Rossa, 80047 San Giuseppe Vesuviano (NA)",081 8271161,naic8hm005@istruzione.it,sì,https://www.icammendoladeamicis.edu.it,201,4.3,9
NAEE8HM028,primaria statale,San Leonardo,IC Ammendola-De Amicis,San Giuseppe Vesuviano,NA,"Via San Leonardo 2, 80047 San Giuseppe Vesuviano (NA)",081 8271161,naic8hm005@istruzione.it,sì,https://www.icammendoladeamicis.edu.it,269,4.3,9
NA1A653005,infanzia paritaria,Fate e Folletti,,San Giuseppe Vesuviano,NA,"Via Lavinaio II Tratto 23, 80047 San Giuseppe Vesuviano (NA)",081 8283278,madsmads@virgilio.it,sì,,11,4.3,9
NA1A74100Q,infanzia paritaria,I Cuccioli,,San Giuseppe Vesuviano,NA,"Via Parco Ambrosio 54, 80047 San Giuseppe Vesuviano (NA)",081 2241609,i.cuccioli@libero.it,sì,,15,4.3,9
NA1A69100X,infanzia paritaria,L'Albero Azzurro,,San Giuseppe Vesuviano,NA,"Via del Tulipano 6, 80040 San Giuseppe Vesuviano (NA)",081 5294223,alfonsomigliaro@alice.it,no: indirizzo personale,,30,4.3,9
NA1A03500A,infanzia paritaria,La Scuola del Bambino,,San Giuseppe Vesuviano,NA,"Via Passanti 280 Rione Casilli, 80047 San Giuseppe Vesuviano (NA)",081 8271310,lascuoladelbambino@libero.it,sì,,74,4.3,9
NA1ASN500F,infanzia paritaria,Miele,,San Giuseppe Vesuviano,NA,"Via Aielli 4, 80047 San Giuseppe Vesuviano (NA)",,info@istitutomiele.it,sì,https://www.istitutomiele.it,115,4.3,9
NA1A36000N,infanzia paritaria,Piccole Ancelle di Cristo Re,,San Giuseppe Vesuviano,NA,"Via Marciotti 4, 80047 San Giuseppe Vesuviano (NA)",081 8271630,cristoreportici@libero.it,sì,,30,4.3,9
NA1A49300T,infanzia paritaria,Primo Incontro,,San Giuseppe Vesuviano,NA,"Via Rossilli 11, 80047 San Giuseppe Vesuviano (NA)",339 336 6917,primoincontro1969@libero.it,sì,,30,4.3,9
NA1A02600G,infanzia paritaria,Santa Maria la Scala,,San Giuseppe Vesuviano,NA,"Via Salvati 2, 80047 San Giuseppe Vesuviano (NA)",081 8273934,scuola.infanzialascala@virgilio.it,sì,,60,4.3,9
NA1EIE500T,primaria paritaria,Miele,,San Giuseppe Vesuviano,NA,"Via Aielli 4, 80047 San Giuseppe Vesuviano (NA)",,info@istitutomiele.it,sì,,97,4.3,9
NA1E136001,primaria paritaria,Piccole Ancelle di Cristo Re,,San Giuseppe Vesuviano,NA,"Via Marciotti 4, 80047 San Giuseppe Vesuviano (NA)",,cristoreportici@libero.it,sì,,68,4.3,9
NAAA855012,infanzia statale,Piazza D'Anna,IC D'Avino,Striano,NA,"Piazza D'Anna, 80040 Striano (NA)",335 548 1466,naic855005@istruzione.it,sì,https://www.istitutodavinostriano.edu.it,53,4.3,6
NAAA855023,infanzia statale,Via Risorgimento,IC D'Avino,Striano,NA,"Via Risorgimento, 80040 Striano (NA)",335 667 3983,naic855005@istruzione.it,sì,https://www.istitutodavinostriano.edu.it,173,4.3,6
NAEE855017,primaria statale,Via Sarno,IC D'Avino,Striano,NA,"Via Sarno, 80040 Striano (NA)",331 218 7103,naic855005@istruzione.it,sì,https://www.istitutodavinostriano.edu.it,442,4.3,6
NA1ALS500Q,infanzia paritaria,Il Paese delle Meraviglie,,Striano,NA,"Via Difesa 6, 80040 Striano (NA)",331 820 4530,coopilpaesedellemeraviglie@gmail.com,sì,,15,4.3,6
NA1A6C5006,infanzia paritaria,Il Paese delle Meraviglie,,Striano,NA,"Via Faricella I Traversa, 80040 Striano (NA)",,coopilpaesedellemeraviglie@gmail.com,sì,,32,4.3,6
NA1AAN500B,infanzia paritaria,Il Paese delle Meraviglie,,Striano,NA,"Via Palma 458, 80040 Striano (NA)",,coopilpaesedellemeraviglie@gmail.com,sì,,31,4.3,6
NA1AGG500U,infanzia paritaria,Miele,,Striano,NA,"Via Piano 78, 80040 Striano (NA)",081 19259312,info@scuolamiele.it,sì,,99,4.3,6
NA1EAN500C,primaria paritaria,Miele,,Striano,NA,"Via Piano 78, 80040 Striano (NA)",081 19259312,info@scuolamiele.it,sì,https://www.istitutomiele.it,106,4.3,6
NAAA8D2021,infanzia statale,Corpo Aggiunto,IC 1 Cangemi,Boscoreale,NA,"Via Luigi Oliva, 80041 Boscoreale (NA)",081 8581295,naic8d2003@istruzione.it,sì,https://www.ic1cangemiboscoreale.edu.it,153,5.2,8
NAAA8D201X,infanzia statale,Salomè,IC 1 Cangemi,Boscoreale,NA,"Via De Falco 38 Boscoreale, 80041 Boscoreale (NA)",081 5276937,naic8d2003@istruzione.it,sì,https://www.ic1cangemiboscoreale.edu.it,82,5.2,8
NAEE8D2015,primaria statale,Cangemi,IC 1 Cangemi,Boscoreale,NA,"Via F. Cangemi 41, 80041 Boscoreale (NA)",081 2774629,naic8d2003@istruzione.it,sì,https://www.ic1cangemiboscoreale.edu.it,304,5.2,8
NAEE8D2026,primaria statale,Salomè,IC 1 Cangemi,Boscoreale,NA,"Via Cangemi 41, 80041 Boscoreale (NA)",081 2774629,naic8d2003@istruzione.it,sì,https://www.ic1cangemiboscoreale.edu.it,129,5.2,8
NAAA8D301Q,infanzia statale,Piazza Vargas,IC 2 Francesco Dati,Boscoreale,NA,"Piazza Vargas, 80041 Boscoreale (NA)",081 5373900,naic8d300v@istruzione.it,sì,https://www.ic2datiboscoreale.edu.it,104,5.2,8
NAAA8D302R,infanzia statale,Settetermini,IC 2 Francesco Dati,Boscoreale,NA,"Via Settetermini-Piano Napoli, 80041 Boscoreale (NA)",081 5372802,naic8d300v@istruzione.it,sì,https://www.ic2datiboscoreale.edu.it,22,5.2,8
NAEE8D3022,primaria statale,De Prisco,IC 2 Francesco Dati,Boscoreale,NA,"Via N. De Prisco, 80041 Boscoreale (NA)",081 5372816,naic8d300v@istruzione.it,sì,https://www.ic2datiboscoreale.edu.it,178,5.2,8
NAEE8D3011,primaria statale,Gescal,IC 2 Francesco Dati,Boscoreale,NA,"Via Promiscua 1, 80041 Boscoreale (NA)",081 8612308,naic8d300v@istruzione.it,sì,https://www.ic2datiboscoreale.edu.it,92,5.2,8
NAEE8D3033,primaria statale,Settetermini,IC 2 Francesco Dati,Boscoreale,NA,"Via Sette Termini, 80041 Boscoreale (NA)",081 5372815,naic8d300v@istruzione.it,sì,https://www.ic2datiboscoreale.edu.it,22,5.2,8
NAAA8ED016,infanzia statale,Cangiani,IC 3 Castaldi-Rodari,Boscoreale,NA,"Via Cangiani, 80041 Boscoreale (NA)",081 2785332,naic8ed009@istruzione.it,sì,https://www.ic3castaldirodari.edu.it,94,5.2,8
NAAA8ED05A,infanzia statale,Passanti,IC 3 Castaldi-Rodari,Boscoreale,NA,"Via Passanti Scafati, 80041 Boscoreale (NA)",081 2781436,naic8ed009@istruzione.it,sì,https://www.ic3castaldirodari.edu.it,56,5.2,8
NAAA8ED049,infanzia statale,Pellegrini,IC 3 Castaldi-Rodari,Boscoreale,NA,"Via Passanti Flocco, 80041 Boscoreale (NA)",081 2774130,naic8ed009@istruzione.it,sì,https://www.ic3castaldirodari.edu.it,60,5.2,8
NAEE8ED01B,primaria statale,Marchesa,IC 3 Castaldi-Rodari,Boscoreale,NA,"Via Marchesa, 80041 Boscoreale (NA)",081 2778733,naic8ed009@istruzione.it,sì,https://www.ic3castaldirodari.edu.it,192,5.2,8
NAEE8ED04E,primaria statale,Passanti,IC 3 Castaldi-Rodari,Boscoreale,NA,"Via Passanti Scafati, 80041 Boscoreale (NA)",081 2785426,naic8ed009@istruzione.it,sì,https://www.ic3castaldirodari.edu.it,86,5.2,8
NAEE8ED03D,primaria statale,Pellegrini,IC 3 Castaldi-Rodari,Boscoreale,NA,"Via Passanti Flocco, 80041 Boscoreale (NA)",081 2774130,naic8ed009@istruzione.it,sì,https://www.ic3castaldirodari.edu.it,81,5.2,8
NA1A42800P,infanzia paritaria,Cappuccetto Rosso,,Boscoreale,NA,"Via Merolla 21, 80041 Boscoreale (NA)",081 8591517,smcappuccettorosso@libero.it,sì,,43,5.2,8
NA1AA4500H,infanzia paritaria,La Fabbrica dei Sogni,,Boscoreale,NA,"Via Cangiani 73, 80041 Boscoreale (NA)",081 8594340,,no: manca,,59,5.2,8
SAAA8A9019,infanzia statale,Collodi,IC San Marzano sul Sarno,San Marzano sul Sarno,SA,"Via Cenisio, 84010 San Marzano sul Sarno (SA)",081 955898,saic8a900c@istruzione.it,sì,https://www.icsanmarzano.edu.it,59,5.3,10
SAAA8A902A,infanzia statale,San Giovanni Paolo II,IC San Marzano sul Sarno,San Marzano sul Sarno,SA,"Piazza Amendola, 84010 San Marzano sul Sarno (SA)",081 957682,saic8a900c@istruzione.it,sì,https://www.icsanmarzano.edu.it,117,5.3,10
SAEE8A901E,primaria statale,Capoluogo,IC San Marzano sul Sarno,San Marzano sul Sarno,SA,"Piazza Amendola, 84010 San Marzano sul Sarno (SA)",081 957682,saic8a900c@istruzione.it,sì,https://www.icsanmarzano.edu.it,526,5.3,10
SA1A089005,infanzia paritaria,Umberto I,,San Marzano sul Sarno,SA,"Piazza Guerritore 2, 84010 San Marzano sul Sarno (SA)",081 955125,scuoladellinfanziaumberto1@virgilio.it,sì,,49,5.3,10
SAAA16103Q,infanzia statale,Abenante,1° Circolo Didattico Anna Ferrara,Scafati,SA,"Via della Resistenza, 84018 Scafati (SA)",081 8562619,saee16100t@istruzione.it,sì,https://www.1circoloscafati.edu.it,56,5.3,11
SAAA16116A,infanzia statale,Bagni,1° Circolo Didattico Anna Ferrara,Scafati,SA,"Via A. Manzoni, 84018 Scafati (SA)",081 8599442,saee16100t@istruzione.it,sì,https://www.1circoloscafati.edu.it,9,5.3,11
SAAA161104,infanzia statale,Mariconda,1° Circolo Didattico Anna Ferrara,Scafati,SA,"Via G.L. Bernini, 84018 Scafati (SA)",081 8506435,saee16100t@istruzione.it,sì,https://www.1circoloscafati.edu.it,33,5.3,11
SAAA161159,infanzia statale,Purgatorio,1° Circolo Didattico Anna Ferrara,Scafati,SA,"Via Dante Alighieri, 84018 Scafati (SA)",081 8599444,saee16100t@istruzione.it,sì,https://www.1circoloscafati.edu.it,23,5.3,11
SAAA16105T,infanzia statale,Sant'Antonio Abate,1° Circolo Didattico Anna Ferrara,Scafati,SA,"Via Sant'Antonio Abate, 84018 Scafati (SA)",081 8631737,saee16100t@istruzione.it,sì,https://www.1circoloscafati.edu.it,85,5.3,11
SAAA16104R,infanzia statale,Santa Maria delle Grazie,1° Circolo Didattico Anna Ferrara,Scafati,SA,"Via della Resistenza, 84018 Scafati (SA)",081 18752102,saee16100t@istruzione.it,sì,https://www.1circoloscafati.edu.it,71,5.3,11
SAAA16107X,infanzia statale,Via della Resistenza,1° Circolo Didattico Anna Ferrara,Scafati,SA,"Via Dela Resitenza, 84018 Scafati (SA)",081 8562619,saee16100t@istruzione.it,sì,https://www.1circoloscafati.edu.it,16,5.3,11
SAEE16102X,primaria statale,Bagni,1° Circolo Didattico Anna Ferrara,Scafati,SA,"Via Manzoni 53, 84018 Scafati (SA)",081 8599442,saee16100t@istruzione.it,sì,https://www.1circoloscafati.edu.it,81,5.3,11
SAEE16101V,primaria statale,Capoluogo,1° Circolo Didattico Anna Ferrara,Scafati,SA,"Via Sant'Antonio Abate, 84018 Scafati (SA)",081 8631737,saee16100t@istruzione.it,sì,https://www.1circoloscafati.edu.it,202,5.3,11
SAEE161086,primaria statale,Mariconda,1° Circolo Didattico Anna Ferrara,Scafati,SA,"Via G.L. Bernini, 84018 Scafati (SA)",081 8506435,saee16100t@istruzione.it,sì,https://www.1circoloscafati.edu.it,35,5.3,11
SAEE161031,primaria statale,Purgatorio,1° Circolo Didattico Anna Ferrara,Scafati,SA,"Via D. Alighieri 185, 84018 Scafati (SA)",081 8599444,saee16100t@istruzione.it,sì,https://www.1circoloscafati.edu.it,52,5.3,11
SAAA16310Q,infanzia statale,Alberto Manzi,3° Circolo Didattico Rosa Pisacane,Scafati,SA,"Via Michelangelo Nappi, 84018 Scafati (SA)",081 8506783,saee16300d@istruzione.it,sì,https://www.terzocircoloscafati.edu.it,44,5.3,11
SAAA163019,infanzia statale,Berardinetti,3° Circolo Didattico Rosa Pisacane,Scafati,SA,"Via lo Porto, 84018 Scafati (SA)",081 8504616,saee16300d@istruzione.it,sì,https://www.terzocircoloscafati.edu.it,47,5.3,11
SAAA16311R,infanzia statale,Franca e Vincenzo Marra,3° Circolo Didattico Rosa Pisacane,Scafati,SA,"Via Poggiomarino, 84018 Scafati (SA)",081 8593207,saee16300d@istruzione.it,sì,https://www.terzocircoloscafati.edu.it,27,5.3,11
SAAA16312T,infanzia statale,Marra Zaffaranelli,3° Circolo Didattico Rosa Pisacane,Scafati,SA,"Via Zaffaranelli 27, 84018 Scafati (SA)",081 8592187,saee16300d@istruzione.it,sì,https://www.terzocircoloscafati.edu.it,34,5.3,11
SAAA16307G,infanzia statale,San Pietro,3° Circolo Didattico Rosa Pisacane,Scafati,SA,"Via della Resistenza, 84018 Scafati (SA)",081 8562619,saee16300d@istruzione.it,sì,https://www.terzocircoloscafati.edu.it,47,5.3,11
SAAA16302A,infanzia statale,San Vincenzo,3° Circolo Didattico Rosa Pisacane,Scafati,SA,"Via Corbisiero, 84018 Scafati (SA)",081 8592181,saee16300d@istruzione.it,sì,https://www.terzocircoloscafati.edu.it,48,5.3,11
SAEE16305P,primaria statale,Alberto Manzi,3° Circolo Didattico Rosa Pisacane,Scafati,SA,"Via Michelangelo Nappi, 84018 Scafati (SA)",081 8506783,saee16300d@istruzione.it,sì,https://www.terzocircoloscafati.edu.it,97,5.3,11
SAEE16309V,primaria statale,Badia,3° Circolo Didattico Rosa Pisacane,Scafati,SA,"Via lo Porto 132, 84018 Scafati (SA)",081 8504616,saee16300d@istruzione.it,sì,https://www.terzocircoloscafati.edu.it,157,5.3,11
SAEE163101,primaria statale,Marra Zaffaranelli,3° Circolo Didattico Rosa Pisacane,Scafati,SA,"Via Zaffaranelli 110, 84018 Scafati (SA)",081 8592187,saee16300d@istruzione.it,sì,https://www.terzocircoloscafati.edu.it,75,5.3,11
SAEE16304N,primaria statale,Pisacane,3° Circolo Didattico Rosa Pisacane,Scafati,SA,"Via Corbisiero, 84018 Scafati (SA)",081 8592181,saee16300d@istruzione.it,sì,https://www.terzocircoloscafati.edu.it,75,5.3,11
SAEE16308T,primaria statale,San Pietro,3° Circolo Didattico Rosa Pisacane,Scafati,SA,"Via Giosue Carducci, 84018 Scafati (SA)",081 8508211,saee16300d@istruzione.it,sì,https://www.terzocircoloscafati.edu.it,156,5.3,11
SAAA88201R,infanzia statale,Maria Cristina di Savoia,IC Samuele Falco,Scafati,SA,"Via Genova, 84018 Scafati (SA)",081 8508814,saic88200x@istruzione.it,sì,https://www.icsamuelefalco.edu.it,89,5.3,11
SAEE882034,primaria statale,Ferdinando II Borbone,IC Samuele Falco,Scafati,SA,"Via Genova, 84018 Scafati (SA)",081 8508814,saic88200x@istruzione.it,sì,https://www.icsamuelefalco.edu.it,445,5.3,11
SAAA8CA01X,infanzia statale,Via Martiri d'Ungheria,IC Senatore-Martiri,Scafati,SA,"Via Martiri d'Ungheria 110, 84018 Scafati (SA)",081 8630367,saic8ca003@istruzione.it,sì,https://www.icsenatoremdu.it,81,5.3,11
SAAA8CA021,infanzia statale,Via Tenente Iorio,IC Senatore-Martiri,Scafati,SA,"Via Martiri d'Ungheria 75, 84018 Scafati (SA)",081 8562864,saic8ca003@istruzione.it,sì,,46,5.3,11
SAEE8CA015,primaria statale,Martiri d'Ungheria,IC Senatore-Martiri,Scafati,SA,"Via Martiri d'Ungheria 110, 84018 Scafati (SA)",081 8562863,saic8ca003@istruzione.it,sì,https://www.icsenatoremdu.it,320,5.3,11
SAEE8CA026,primaria statale,Tenente Iorio,IC Senatore-Martiri,Scafati,SA,"Via Martiri d'Ungheria 75, 84018 Scafati (SA)",081 8562864,saic8ca003@istruzione.it,sì,https://www.icsenatoremdu.it,152,5.3,11
SAEE88301T,primaria statale,Santa Maria delle Grazie,IC Tommaso Anardi,Scafati,SA,"Via della Resistenza, 84018 Scafati (SA)",081 8507804,saic88300q@istruzione.it,sì,https://www.ictommasoanardi.edu.it,347,5.3,11
SA1A183003,infanzia paritaria,Baby Hyland,,Scafati,SA,"Via F. Cozzolino 36 Sosp.att. 2008/09 Decr 17857 Dr, 84018 Scafati (SA)",081 8630783,pinad1970@libero.it,no: indirizzo personale,,33,5.3,11
SA1A525007,infanzia paritaria,Eureka,,Scafati,SA,"Via Sant'Antonio Abate 95, 84018 Scafati (SA)",081 19252619,scuolainfanziaeureka@gmail.com,sì,,33,5.3,11
SA1A18100B,infanzia paritaria,Il Nido dei Puffi,,Scafati,SA,"Via M. Nappi 73, 84018 Scafati (SA)",334 714 5035,cirilloalessio76@gmail.com,no: indirizzo personale,http://www.ilnidodeipuffi.com,39,5.3,11
SA1A18500P,infanzia paritaria,L'Albero della Vita,,Scafati,SA,"Via Corso Nazionale 171, 84018 Scafati (SA)",081 8507692,pinad1970@libero.it,no: indirizzo personale,,66,5.3,11
SA1ABL500B,infanzia paritaria,L'Albero della Vita,,Scafati,SA,"Via A. Ferrara 3, 84018 Scafati (SA)",081 8507692,alberodellavita2000@alice.it,sì,,20,5.3,11
SA1A18600E,infanzia paritaria,La Fabbrica dei Sogni,,Scafati,SA,"Via Aquino, 84018 Scafati (SA)",081 8591748,domenico.cristiano3@gmail.com,no: indirizzo personale,,28,5.3,11
SA1A182007,infanzia paritaria,Piccolo Mondo,,Scafati,SA,"Via Pasquale Vitiello 77, 84018 Scafati (SA)",327 283 9389,istituto.piccolomondo@gmail.com,sì,,32,5.3,11
SA1A10100E,infanzia paritaria,San Francesco d'Assisi,,Scafati,SA,"Via lo Porto 82, 84018 Scafati (SA)",349 082 7213,sanfrancesco.alca@libero.it,sì,,49,5.3,11
SAAA899016,infanzia statale,Capoluogo,IC San Valentino Torio,San Valentino Torio,SA,"Via Annunziata, 84010 San Valentino Torio (SA)",081 957700,saic899009@istruzione.it,sì,http://icsanvalentinotorio.edu.it,75,5.6,15
SAAA899027,infanzia statale,Casatori,IC San Valentino Torio,San Valentino Torio,SA,"Via Santa Maria delle Grazie, 84010 San Valentino Torio (SA)",081 939347,saic899009@istruzione.it,sì,http://icsanvalentinotorio.edu.it,34,5.6,15
SAAA899038,infanzia statale,Russolillo,IC San Valentino Torio,San Valentino Torio,SA,"Via Russolillo, 84010 San Valentino Torio (SA)",081 955063,saic899009@istruzione.it,sì,http://icsanvalentinotorio.edu.it,86,5.6,15
SAEE89901B,primaria statale,Capoluogo,IC San Valentino Torio,San Valentino Torio,SA,"Via G. Crispo 2, 84010 San Valentino Torio (SA)",081 955063,saic899009@istruzione.it,sì,https://www.istitutocomprensivosanvalentinotorio.edu.it,532,5.6,15
SAEE89902C,primaria statale,Casatori,IC San Valentino Torio,San Valentino Torio,SA,"Via Santa Maria delle Grazie, 84010 San Valentino Torio (SA)",081 939347,saic899009@istruzione.it,sì,https://www.istitutocomprensivosanvalentinotorio.edu.it,86,5.6,15
SA1AZ3500V,infanzia paritaria,L'Alba Nuova,,San Valentino Torio,SA,"Piazza Giovanni Paolo II 6, 84010 San Valentino Torio (SA)",081 5186041,albanuova_2020@libero.it,sì,,53,5.6,15
SA1AOV500O,infanzia paritaria,Miele,,San Valentino Torio,SA,"Via Cesina Pugliano 6/b, 84010 San Valentino Torio (SA)",081 19259312,info@istitutomiele.it,sì,https://www.istitutomiele.it,45,5.6,15
SA1A14800Q,infanzia paritaria,Miss Baby School,,San Valentino Torio,SA,"Via Zeccagnuolo 15, 84010 San Valentino Torio (SA)",081 939527,missbabysschool@gmail.com,sì,,35,5.6,15
SA1A0E5006,infanzia paritaria,Piccoli Passi,,San Valentino Torio,SA,"Via Sciulia, 84010 San Valentino Torio (SA)",334 818 5961,scuolapiccolipassi@hotmail.com,sì,,51,5.6,15
SA1A090009,infanzia paritaria,Principe di Piemonte,,San Valentino Torio,SA,"Via Sottosanti 37, 84010 San Valentino Torio (SA)",081 955087,scuolaprincipe@libero.it,sì,,44,5.6,15
NAAA22017G,infanzia statale,Fontanelle,2° Circolo Didattico Celentano,Pompei,NA,"Traversa Gesuiti, 80045 Pompei (NA)",081 8505142,naee220002@istruzione.it,sì,https://pompeisecondocircolo.edu.it,30,5.9,10
NAAA22018L,infanzia statale,Mariconda,2° Circolo Didattico Celentano,Pompei,NA,"Via Mariconda, 80045 Pompei (NA)",081 8561458,naee220002@istruzione.it,sì,https://pompeisecondocircolo.edu.it,56,5.9,10
NAAA220074,infanzia statale,Messigno,2° Circolo Didattico Celentano,Pompei,NA,"Via Messigno Traversa SS. Cuori, 80045 Pompei (NA)",081 8501705,naee220002@istruzione.it,sì,https://pompeisecondocircolo.edu.it,55,5.9,10
NAAA22001T,infanzia statale,Treponti,2° Circolo Didattico Celentano,Pompei,NA,"Via Treponti, 80045 Pompei (NA)",081 8630114,naee220002@istruzione.it,sì,https://pompeisecondocircolo.edu.it,51,5.9,10
NAAA22002V,infanzia statale,Via Nolana,2° Circolo Didattico Celentano,Pompei,NA,"Via Nolana, 80045 Pompei (NA)",081 8505816,naee220002@istruzione.it,sì,https://pompeisecondocircolo.edu.it,95,5.9,10
NAEE220024,primaria statale,Fontanelle,2° Circolo Didattico Celentano,Pompei,NA,"Via Fontanelle Traversa Gesuiti, 80045 Pompei (NA)",081 8505142,naee220002@istruzione.it,sì,https://pompeisecondocircolo.edu.it,70,5.9,10
NAEE220046,primaria statale,L. Mele,2° Circolo Didattico Celentano,Pompei,NA,"Via Messigno, 80045 Pompei (NA)",081 0083911,naee220002@istruzione.it,sì,https://pompeisecondocircolo.edu.it,163,5.9,10
NAEE220035,primaria statale,Mariconda,2° Circolo Didattico Celentano,Pompei,NA,"Via Mariconda, 80045 Pompei (NA)",081 8561458,naee220002@istruzione.it,sì,https://pompeisecondocircolo.edu.it,47,5.9,10
NAEE22009B,primaria statale,Salvo D'Acquisto,2° Circolo Didattico Celentano,Pompei,NA,"Via Nolana, 80045 Pompei (NA)",081 8630681,naee220002@istruzione.it,sì,https://pompeisecondocircolo.edu.it,189,5.9,10
NAEE22008A,primaria statale,Treponti,2° Circolo Didattico Celentano,Pompei,NA,"Via Treponti, 80045 Pompei (NA)",081 8630114,naee220002@istruzione.it,sì,https://pompeisecondocircolo.edu.it,128,5.9,10
NAAA8HW01N,infanzia statale,Via Colle San Bartolomeo,IC 1 Capoluogo,Pompei,NA,"Via Colle San Bartolomeo, 80045 Pompei (NA)",081 8506180,naic8hw00r@istruzione.it,sì,,155,5.9,10
NAEE8HW01V,primaria statale,Capoluogo,IC 1 Capoluogo,Pompei,NA,"Via Colle San Bartolomeo 11, 80045 Pompei (NA)",081 8631706,naic8hw00r@istruzione.it,sì,,467,5.9,10
NAAA8B5027,infanzia statale,Capone,IC Amedeo Maiuri,Pompei,NA,"Via Lepanto Traversa Campo Sportivo, 80045 Pompei (NA)",081 19664272,naic8b5009@istruzione.it,sì,https://www.scuolamaiuripompei.edu.it,26,5.9,10
NAAA8B5049,infanzia statale,Enrico Celentano,IC Amedeo Maiuri,Pompei,NA,"Via Astolelle I Traversa, 80045 Pompei (NA)",081 8502602,naic8b5009@istruzione.it,sì,https://www.scuolamaiuripompei.edu.it,25,5.9,10
NAAA8B5038,infanzia statale,Pontenuovo,IC Amedeo Maiuri,Pompei,NA,"Via Statale 145, 80045 Pompei (NA)",081 55361956,naic8b5009@istruzione.it,sì,https://www.scuolamaiuripompei.edu.it,44,5.9,10
NAEE8B503D,primaria statale,Capone,IC Amedeo Maiuri,Pompei,NA,"Via Lepanto Traversa Campo Sportivo, 80045 Pompei (NA)",081 19664272,naic8b5009@istruzione.it,sì,https://www.scuolamaiuripompei.edu.it,83,5.9,10
NAEE8B505G,primaria statale,Enrico Celentano,IC Amedeo Maiuri,Pompei,NA,"Via Sant'Abbondio, 80045 Pompei (NA)",081 8502602,naic8b5009@istruzione.it,sì,https://www.scuolamaiuripompei.edu.it,70,5.9,10
NAEE8B504E,primaria statale,Pontenuovo,IC Amedeo Maiuri,Pompei,NA,"Via Statale 145, 80045 Pompei (NA)",081 5361956,naic8b5009@istruzione.it,sì,https://www.scuolamaiuripompei.edu.it,200,5.9,10
NA1A05900V,infanzia paritaria,Assunta Ponzo,,Pompei,NA,"Via Sacra 39, 80045 Pompei (NA)",081 8577329,uff.scuola.b.longo@tiscali.it,sì,,16,5.9,10
NA1A48500V,infanzia paritaria,Baby House,,Pompei,NA,"Via Casone 14, 80045 Pompei (NA)",081 8567172,smbabyhouse@libero.it,sì,,21,5.9,10
NA1A057007,infanzia paritaria,Bartolo Longo,,Pompei,NA,"Via Sacra 39, 80045 Pompei (NA)",081 8577329,uff.scuola.b.longo@tiscali.it,sì,,17,5.9,10
NA1A04700L,infanzia paritaria,Il Piccolo College,,Pompei,NA,"Via San Giovanni Battista De la Salle 47/49, 80045 Pompei (NA)",081 8504397,angelo2727@libero.it,no: indirizzo personale,,22,5.9,10
NA1AR7500O,infanzia paritaria,International Montessori Institute,,Pompei,NA,"Via Ponte Persica 24/h, 80045 Pompei (NA)",,internationamontessori@cgn.legalmail.it,no: casella PEC,,29,5.9,10
NA1A484003,infanzia paritaria,La Mongolfiera,,Pompei,NA,"Via Sant'Abbondio 69, 80045 Pompei (NA)",081 8562568,lamongolfiera2@gmail.com,sì,,30,5.9,10
NA1A060003,infanzia paritaria,Orfanotrofio Femminile,,Pompei,NA,"Via Sacra 39, 80045 Pompei (NA)",081 8577329,uff.scuola.b.longo@tiscali.it,sì,,17,5.9,10
NA1A540006,infanzia paritaria,San Domenico,,Pompei,NA,"Via Nolana 448, 80045 Pompei (NA)",081 8577329,principia.47@libero.it,sì,,11,5.9,10
NAAA8EJ01P,infanzia statale,Capoluogo,IC 1 Prisco,Boscotrecase,NA,"Via Annunziatella, 80042 Boscotrecase (NA)",081 8581283,naic8ej00t@istruzione.it,sì,https://www.comprensivoboscotrecase.it,170,6.4,10
NAEE8EJ01X,primaria statale,Capoluogo,IC 1 Prisco,Boscotrecase,NA,"Via Annunziatella 1, 80042 Boscotrecase (NA)",081 8581283,naic8ej00t@istruzione.it,sì,https://www.comprensivoboscotrecase.it,317,6.4,10
NA1A9L500Z,infanzia paritaria,Il Sole,,Boscotrecase,NA,"Via Napodano 19, 80042 Boscotrecase (NA)",334 733 9691,ilsole.deibambini@libero.it,sì,,17,6.4,10
NAAA8CG04G,infanzia statale,Margherita,IC D'Aosta,Ottaviano,NA,"Via G. Militare, 80044 Ottaviano (NA)",081 8278509,naic8cg00g@istruzione.it,sì,https://www.icdaosta.edu.it,56,6.8,13
NAAA8CG03E,infanzia statale,Trappitella,IC D'Aosta,Ottaviano,NA,"Via Trappitella, 80044 Ottaviano (NA)",081 8278289,naic8cg00g@istruzione.it,sì,https://www.icdaosta.edu.it,38,6.8,13
NAEE8CG01N,primaria statale,Ex Liceo,IC D'Aosta,Ottaviano,NA,80044 Ottaviano (NA),081 8278046,naic8cg00g@istruzione.it,sì,https://www.icdaosta.edu.it,90,6.8,13
NAEE8CG02P,primaria statale,Trappitella,IC D'Aosta,Ottaviano,NA,"Via Trappitella 43, 80044 Ottaviano (NA)",081 8278289,naic8cg00g@istruzione.it,sì,https://www.icdaosta.edu.it,209,6.8,13
NAAA8CJ02E,infanzia statale,Lucci,IC Mimmo Beneventano,Ottaviano,NA,"Via Lucci, 80044 Ottaviano (NA)",081 8278509,naic8cj00l@istruzione.it,sì,https://www.icmbeneventano.edu.it,138,6.8,13
NAEE8CJ02Q,primaria statale,Lucci,IC Mimmo Beneventano,Ottaviano,NA,"Via Lucci, 80044 Ottaviano (NA)",081 8278509,naic8cj00l@istruzione.it,sì,https://www.icmbeneventano.edu.it,436,6.8,13
NAAA8BF023,infanzia statale,Casa Comunale,IC San Gennarello,Ottaviano,NA,"Via Luigi Carbone 1, 80044 Ottaviano (NA)",081 3385230,naic8bf005@istruzione.it,sì,https://www.icsangennarellodiottaviano.edu.it,43,6.8,13
NAAA8BF012,infanzia statale,Pozini,IC San Gennarello,Ottaviano,NA,"Via Pozini, 80044 Ottaviano (NA)",081 5292186,naic8bf005@istruzione.it,sì,https://www.icsangennarellodiottaviano.edu.it,86,6.8,13
NAAA8BF034,infanzia statale,Zabatta,IC San Gennarello,Ottaviano,NA,"Via Zabatta, 80044 Ottaviano (NA)",081 8278509,naic8bf005@istruzione.it,sì,https://www.icsangennarellodiottaviano.edu.it,23,6.8,13
NAEE8BF028,primaria statale,Cacciabella,IC San Gennarello,Ottaviano,NA,"Via FFSS, 80044 Ottaviano (NA)",081 8278509,naic8bf005@istruzione.it,sì,https://www.icsangennarellodiottaviano.edu.it,100,6.8,13
NAEE8BF017,primaria statale,Piero Angela,IC San Gennarello,Ottaviano,NA,"Via Pappalardo 191, 80044 Ottaviano (NA)",081 8281444,naic8bf005@istruzione.it,sì,https://www.icsangennarellodiottaviano.edu.it,242,6.8,13
NA1A35700T,infanzia paritaria,Asilo del Sorriso,,Ottaviano,NA,"Via R. Causa 2, 80044 Ottaviano (NA)",081 5288286,asilodelsorriso@gmail.com,sì,,72,6.8,13
NA1A362009,infanzia paritaria,Le Favole,,Ottaviano,NA,"Via Vecchia Sarno 36, 80040 Ottaviano (NA)",081 5292482,infanzialefavole@libero.it,sì,,71,6.8,13
NA1A36100D,infanzia paritaria,Mondo Sereno,,Ottaviano,NA,"Via Lavinaio I Tratto 27, 80040 Ottaviano (NA)",081 8271530,mondosereno1975@libero.it,sì,https://scuoladellinfanziamondosereno.it,71,6.8,13
NA1A364001,infanzia paritaria,Pier Giorgio Frassati,,Ottaviano,NA,"Via Sarno 20, 80040 Ottaviano (NA)",081 8273974,sangennarello@istitutosuorevisitazione.it,sì,,15,6.8,13
NA1A355006,infanzia paritaria,San Francesco d'Assisi,,Ottaviano,NA,"Via San Michele 6, 80044 Ottaviano (NA)",081 8278066,scuolamaternafrancescana@virgilio.it,sì,,47,6.8,13
NA1AH8500S,infanzia paritaria,Vivere a Colori Angelica,,Ottaviano,NA,"Via Funari 5, 80044 Ottaviano (NA)",,angelica.marigliano@hotmail.it,sì,,22,6.8,13
NAAA8GK02R,infanzia statale,Ferrovia,IC Cozzolino-D'Avino,San Gennaro Vesuviano,NA,"Via Ferrovia, 80036 San Gennaro Vesuviano (NA)",081 8656294,naic8gk00v@istruzione.it,sì,https://www.iccozzolinodavino.edu.it,71,7.0,14
NAAA8GK03T,infanzia statale,Ragni,IC Cozzolino-D'Avino,San Gennaro Vesuviano,NA,"Via Ragni, 80040 San Gennaro Vesuviano (NA)",081 8656240,naic8gk00v@istruzione.it,sì,https://www.iccozzolinodavino.edu.it,100,7.0,14
NAEE8GK022,primaria statale,Ferrovia,IC Cozzolino-D'Avino,San Gennaro Vesuviano,NA,"Via Ferrovia, 80040 San Gennaro Vesuviano (NA)",081 8656294,naic8gk00v@istruzione.it,sì,https://www.iccozzolinodavino.edu.it,236,7.0,14
NAEE8GK033,primaria statale,Giugliani,IC Cozzolino-D'Avino,San Gennaro Vesuviano,NA,"Via Giugliani, 80040 San Gennaro Vesuviano (NA)",081 8656294,naic8gk00v@istruzione.it,sì,https://www.iccozzolinodavino.edu.it,75,7.0,14
NAEE8GK011,primaria statale,Nappo,IC Cozzolino-D'Avino,San Gennaro Vesuviano,NA,"Via Moccia, 80040 San Gennaro Vesuviano (NA)",081 5287451,naic8gk00v@istruzione.it,sì,https://www.iccozzolinodavino.edu.it,87,7.0,14
NAEE8GK044,primaria statale,Sommese,IC Cozzolino-D'Avino,San Gennaro Vesuviano,NA,"Via Sommese, 80040 San Gennaro Vesuviano (NA)",081 8656294,naic8gk00v@istruzione.it,sì,https://www.iccozzolinodavino.edu.it,62,7.0,14
NA1A492002,infanzia paritaria,Don Bosco,,San Gennaro Vesuviano,NA,"Via Sarno 24, 80040 San Gennaro Vesuviano (NA)",081 5286381,donboscobaby@libero.it,sì,,31,7.0,14
NA1AFP5004,infanzia paritaria,Il Sentiero delle Favole,,San Gennaro Vesuviano,NA,"Via Poggiomarino, 80040 San Gennaro Vesuviano (NA)",327 606 0156,sentierodellefavole@libero.it,sì,,45,7.0,14
NA1ANL500T,infanzia paritaria,Il Sentiero delle Favole,,San Gennaro Vesuviano,NA,"Via Biagio Cozzolino 89, 80040 San Gennaro Vesuviano (NA)",391 462 9727,sentierodellefavole@libero.it,sì,,45,7.0,14
NA1A135007,infanzia paritaria,Mary Poppins,,San Gennaro Vesuviano,NA,"Via Nuova Saviano 167, 80040 San Gennaro Vesuviano (NA)",081 8656849,marypoppins2005@libero.it,sì,,43,7.0,14
SAAA8CL01G,infanzia statale,Sant'Alfonso Maria Fusco,IC 1 Opromolla-Sant'Alfonso,Angri,SA,"Via Adriana, 84012 Angri (SA)",081 940941,saic8cl00p@istruzione.it,sì,,224,7.5,14
SAEE8CL01R,primaria statale,Sant'Alfonso Maria Fusco,IC 1 Opromolla-Sant'Alfonso,Angri,SA,"Via Adriana, 84012 Angri (SA)",081 940941,saic8cl00p@istruzione.it,sì,,549,7.5,14
SAAA8CM01B,infanzia statale,Via Alighieri,IC 3 Galvani,Angri,SA,"Via Dante Alighieri 15, 84012 Angri (SA)",081 5134328,saic8cm00e@istruzione.it,sì,,55,7.5,14
SAAA8CM02C,infanzia statale,Via Nazionale,IC 3 Galvani,Angri,SA,"Via Nazionale, 84012 Angri (SA)",081 5131605,saic8cm00e@istruzione.it,sì,,55,7.5,14
SAEE8CM01L,primaria statale,Taverna,IC 3 Galvani,Angri,SA,"Via Nazionale, 84012 Angri (SA)",081 5138806,saic8cm00e@istruzione.it,sì,,155,7.5,14
SAEE8CM02N,primaria statale,Via Alighieri,IC 3 Galvani,Angri,SA,"Via D. Alighieri 15, 84012 Angri (SA)",081 5138806,saic8cm00e@istruzione.it,sì,,197,7.5,14
SAAA8BN01L,infanzia statale,Via Europa,IC Don Enrico Smaldone,Angri,SA,"Via Europa 1, 84012 Angri (SA)",081 5132129,saic8bn00q@istruzione.it,sì,http://www.icsmaldoneangri.edu.it,185,7.5,14
SAAA8BN02N,infanzia statale,Via Lazio,IC Don Enrico Smaldone,Angri,SA,"Via Lazio, 84012 Angri (SA)",081 940335,saic8bn00q@istruzione.it,sì,http://www.icsmaldoneangri.edu.it,57,7.5,14
SAEE8BN02V,primaria statale,Via Lazio,IC Don Enrico Smaldone,Angri,SA,"Via Lazio, 84012 Angri (SA)",081 5138806,saic8bn00q@istruzione.it,sì,https://www.icsmaldoneangri.edu.it,133,7.5,14
SAEE8BN01T,primaria statale,Via Leonardo da Vinci,IC Don Enrico Smaldone,Angri,SA,"Via Leonardo da Vinci, 84012 Angri (SA)",081 5132129,saic8bn00q@istruzione.it,sì,https://www.icsmaldoneangri.edu.it,398,7.5,14
SA1A02900D,infanzia paritaria,Alfonso Maria Fusco,,Angri,SA,"Via M. Caputo 17, 84012 Angri (SA)",081 3768737,s.battistine@libero.it,sì,,62,7.5,14
SA1A020003,infanzia paritaria,Casa del Padre,,Angri,SA,"Via Canonico Fusco 23, 84012 Angri (SA)",081 948421,allfonsomf@virgilio.it,sì,https://www.angricasadelpadre.it,24,7.5,14
SA1A0G5005,infanzia paritaria,Enjoy School,,Angri,SA,"Via Michelangelo Buonarroti 1, 84012 Angri (SA)",081 18658810,enjoyschoolangri@gmail.com,sì,,21,7.5,14
SA1A31500P,infanzia paritaria,Giovanni Paolo II,,Angri,SA,"Viale Europa, 84012 Angri (SA)",081 968310,solcoagro@gmail.com,sì,,15,7.5,14
SA1A20100B,infanzia paritaria,L'Accademia dei Piccoli,,Angri,SA,"Via Nazionale Condominio P. Co Ferraioli, 84012 Angri (SA)",081 961493,accademiapiccoli@libero.it,sì,,60,7.5,14
SA1AN85004,infanzia paritaria,L'Arcobaleno dei Sogni,,Angri,SA,"Via Nazionale 317/2, 84012 Angri (SA)",366 449 6460,danielachiavazzo@libero.it,no: indirizzo personale,https://www.larcobalenodeisogni.it,28,7.5,14
SA1A15700E,infanzia paritaria,La Casa dei Puffi,,Angri,SA,"Via Stabia 1, 84012 Angri (SA)",081 940908,asilocasadeipuffi@tiscali.it,sì,,19,7.5,14
SA1A190006,infanzia paritaria,Mondobaby,,Angri,SA,"Via Alveo Sant'Alfonso 3, 84012 Angri (SA)",338 808 8862,info@staffpadovano.191.it,sì,,16,7.5,14
SA1A03000N,infanzia paritaria,San Benedetto,,Angri,SA,"Via Ardinghi 83, 84012 Angri (SA)",081 948441,giuseppetedesco10@alice.it,no: indirizzo personale,,13,7.5,14
SA1A005001,infanzia paritaria,Santa Giuliana,,Angri,SA,"Via Risi 27, 84012 Angri (SA)",081 2132578,suorecompassioniste@inwind.it,sì,,22,7.5,14
SA1E01300T,primaria paritaria,Alfonso Maria Fusco,,Angri,SA,"Via M. Caputo, 84012 Angri (SA)",081 3768737,direzione@scuolabattistineangri.it,sì,https://scuolalfonsomariafusco.jimdofree.com,172,7.5,14
SA1E020001,primaria paritaria,Suore Compassioniste,,Angri,SA,"Via Risi 27, 84012 Angri (SA)",081 2132587,suorecompassioniste@inwind.it,sì,,80,7.5,14
SAAA8BW04G,infanzia statale,Cappella Vecchia,IC Amendola,Sarno,SA,"Via Pioppazze, 84087 Sarno (SA)",081 5136370,saic8bw00g@istruzione.it,sì,https://www.icamendolasarno.edu.it,141,7.6,12
SAAA8BW02D,infanzia statale,Lavorate,IC Amendola,Sarno,SA,"Via Lavorate, 84087 Sarno (SA)",081 950961,saic8bw00g@istruzione.it,sì,https://www.icamendolasarno.edu.it,82,7.6,12
SAAA8BW03E,infanzia statale,Serrazeta,IC Amendola,Sarno,SA,"Via Serrazeta, 84087 Sarno (SA)",081 944435,saic8bw00g@istruzione.it,sì,https://www.icamendolasarno.edu.it,37,7.6,12
SAAA8BW01C,infanzia statale,Via Ticino,IC Amendola,Sarno,SA,"Via Ticino, 84087 Sarno (SA)",081 943838,saic8bw00g@istruzione.it,sì,https://www.icamendolasarno.edu.it,38,7.6,12
SAEE8BW03Q,primaria statale,Cappella Vecchia,IC Amendola,Sarno,SA,"Via Pioppazze, 84087 Sarno (SA)",081 5136370,saic8bw00g@istruzione.it,sì,https://www.icamendolasarno.edu.it,192,7.6,12
SAEE8BW04R,primaria statale,Lavorate,IC Amendola,Sarno,SA,"Via Lavorate, 84087 Sarno (SA)",081 950961,saic8bw00g@istruzione.it,sì,https://www.icamendolasarno.edu.it,161,7.6,12
SAEE8BW02P,primaria statale,Serrazeta,IC Amendola,Sarno,SA,"Via Provinciale Nocera, 84087 Sarno (SA)",081 944435,saic8bw00g@istruzione.it,sì,https://www.icamendolasarno.edu.it,47,7.6,12
SAEE8BW01N,primaria statale,Ticino,IC Amendola,Sarno,SA,"Via Ticino, 84087 Sarno (SA)",081 943838,saic8bw00g@istruzione.it,sì,https://www.icamendolasarno.edu.it,72,7.6,12
SAAA8BX03A,infanzia statale,Episcopio,IC Antonio Esposito,Sarno,SA,"Via Casamonica, 84080 Sarno (SA)",081 5136346,saic8bx00b@istruzione.it,sì,https://www.icantonioespositosarno.edu.it,46,7.6,12
SAAA8BX04B,infanzia statale,Foce,IC Antonio Esposito,Sarno,SA,"Via Maria SS. della Foce, 84087 Sarno (SA)",081 965660,saic8bx00b@istruzione.it,sì,https://www.icantonioespositosarno.edu.it,23,7.6,12
SAAA8BX029,infanzia statale,Masseria della Corte,IC Antonio Esposito,Sarno,SA,"Via Sarno Striano, 84087 Sarno (SA)",081 966539,saic8bx00b@istruzione.it,sì,https://www.icantonioespositosarno.edu.it,48,7.6,12
SAAA8BX018,infanzia statale,Via Sodano,IC Antonio Esposito,Sarno,SA,"Via Sodano, 84087 Sarno (SA)",081 945610,saic8bx00b@istruzione.it,sì,https://www.icantonioespositosarno.edu.it,97,7.6,12
SAEE8BX01D,primaria statale,Borgo,IC Antonio Esposito,Sarno,SA,"Via Sarno Palma Traversa Campo Sportivo, 84087 Sarno (SA)",081 943020,saic8bx00b@istruzione.it,sì,https://www.icantonioespositosarno.edu.it,231,7.6,12
SAEE8BX03G,primaria statale,Episcopio,IC Antonio Esposito,Sarno,SA,"Via Casamonica, 84080 Sarno (SA)",081 5136346,saic8bx00b@istruzione.it,sì,https://www.icantonioespositosarno.edu.it,80,7.6,12
SAEE8BX04L,primaria statale,Foce,IC Antonio Esposito,Sarno,SA,"Via Foce, 84087 Sarno (SA)",081 965660,saic8bx00b@istruzione.it,sì,https://www.icantonioespositosarno.edu.it,58,7.6,12
SAEE8BX02E,primaria statale,Masseria della Corte,IC Antonio Esposito,Sarno,SA,"Via Sarno Striano, 84087 Sarno (SA)",081 966539,saic8bx00b@istruzione.it,sì,https://www.icantonioespositosarno.edu.it,87,7.6,12
SAAA8BB015,infanzia statale,Prolungamento Matteotti,IC De Amicis-Baccelli,Sarno,SA,"Via Roma 4, 84087 Sarno (SA)",081 966543,saic8bb008@istruzione.it,sì,https://www.icdeamicisbaccelli.edu.it,128,7.6,12
SAEE8BB01A,primaria statale,Edmondo De Amicis,IC De Amicis-Baccelli,Sarno,SA,"Via G. Amendola, 84087 Sarno (SA)",081 943053,saic8bb008@istruzione.it,sì,https://www.icdeamicisbaccelli.edu.it,107,7.6,12
SAEE8BB02B,primaria statale,Via Laudisio,IC De Amicis-Baccelli,Sarno,SA,"Via Lanzara, 84087 Sarno (SA)",081 941430,saic8bb008@istruzione.it,sì,https://www.icdeamicisbaccelli.edu.it,147,7.6,12
SAEE8BB03C,primaria statale,Via Matteotti,IC De Amicis-Baccelli,Sarno,SA,"Via Roma 4, 84087 Sarno (SA)",081 943053,saic8bb008@istruzione.it,sì,https://www.icdeamicisbaccelli.edu.it,164,7.6,12
SA1A09500C,infanzia paritaria,Giardini d'Infanzia,,Sarno,SA,"Via Lavorate Traversa Papa Giovanni XXIII, 84087 Sarno (SA)",081 942207,giardini.dinfanzia@libero.it,sì,,23,7.6,12
SA1A09300R,infanzia paritaria,La Valle Incantata,,Sarno,SA,"Via Nunziante 27, 84087 Sarno (SA)",081 941658,la_valle_incantata@libero.it,sì,,25,7.6,12
SA1A80500I,infanzia paritaria,Piccoli Passi,,Sarno,SA,"Via Volturno 2, 84087 Sarno (SA)",334 818 5961,scuolapiccolipassi@hotmail.com,sì,,44,7.6,12
SA1E02900B,primaria paritaria,San Francesco Saverio,,Sarno,SA,"Via Nuova Lavorate, 84087 Sarno (SA)",081 911321,scuola.san.f.saverio@libero.it,sì,https://www.scuolasanfrancescosaverio.it,181,7.6,12
NAAA8CQ04B,infanzia statale,Via Vecchia San Gennaro,IC 1 De Curtis,Palma Campania,NA,"Via Vecchia San Gennaro, 80036 Palma Campania (NA)",081 8241104,naic8cq00b@istruzione.it,sì,https://www.icdecurtisprimopalma.edu.it,145,8.0,13
NAEE8CQ01D,primaria statale,Capoluogo,IC 1 De Curtis,Palma Campania,NA,"Via Municipio, 80036 Palma Campania (NA)",081 8241231,naic8cq00b@istruzione.it,sì,https://www.icdecurtisprimopalma.edu.it,287,8.0,13
NAEE8CQ02E,primaria statale,Vico,IC 1 De Curtis,Palma Campania,NA,"Via San Martino, 80036 Palma Campania (NA)",081 8241231,naic8cq00b@istruzione.it,sì,https://www.icdecurtisprimopalma.edu.it,88,8.0,13
NAAA8CR014,infanzia statale,Macello,IC 2 Vincenzo Russo,Palma Campania,NA,"Via Macello, 80036 Palma Campania (NA)",081 5101690,naic8cr007@istruzione.it,sì,,194,8.0,13
NAAA8CR036,infanzia statale,Via San Nicola,IC 2 Vincenzo Russo,Palma Campania,NA,"Via San Nicola, 80036 Palma Campania (NA)",081 8241874,naic8cr007@istruzione.it,sì,,55,8.0,13
NAEE8CR05D,primaria statale,Macello,IC 2 Vincenzo Russo,Palma Campania,NA,"Via Macello, 80036 Palma Campania (NA)",081 8241191,naic8cr007@istruzione.it,sì,,419,8.0,13
NAEE8CR03B,primaria statale,Via San Nicola,IC 2 Vincenzo Russo,Palma Campania,NA,"Via San Nicola, 80036 Palma Campania (NA)",081 8241874,naic8cr007@istruzione.it,sì,,120,8.0,13
NA1A616006,infanzia paritaria,Madre Agostina Cassì,,Palma Campania,NA,"Via Ferrari 143, 80036 Palma Campania (NA)",081 8247107,agostinacassi@libero.it,sì,,15,8.0,13
NA1A48100G,infanzia paritaria,Parilandia,,Palma Campania,NA,"Via Nuova Sarno 401, 80036 Palma Campania (NA)",081 5101067,scuolaparilandia@gmail.com,sì,https://www.parilandia.com,15,8.0,13
NA1AMV5003,infanzia paritaria,Piccoli Talenti,,Palma Campania,NA,80036 Palma Campania (NA),,asilo.piccolitalenti@libero.it,sì,,22,8.0,13
NA1E205006,primaria paritaria,Parilandia,,Palma Campania,NA,"Via Nuova Sarno 401, 80036 Palma Campania (NA)",081 5101067,scuolaparilandia@gmail.com,sì,https://www.parilandia.com,81,8.0,13
NAAA191035,infanzia statale,Via Vittorio Veneto,4° Circolo Didattico Cesaro,Torre Annunziata,NA,"Via Vittorio Veneto 441, 80058 Torre Annunziata (NA)",081 8614727,naee191007@istruzione.it,sì,https://www.cncesaro.edu.it,221,8.1,14
NAEE191018,primaria statale,Via Vittorio Veneto,4° Circolo Didattico Cesaro,Torre Annunziata,NA,"Via Vittorio Veneto 441, 80058 Torre Annunziata (NA)",081 8614727,naee191007@istruzione.it,sì,https://www.cncesaro.edu.it,482,8.1,14
NAAA8BG01T,infanzia statale,Caravelli,IC Alfieri,Torre Annunziata,NA,"Via Caravelli, 80058 Torre Annunziata (NA)",081 8622412,naic8bg001@istruzione.it,sì,https://www.comprensivoalfieri.edu.it,109,8.1,14
NAEE8BG013,primaria statale,Caravelli,IC Alfieri,Torre Annunziata,NA,"Via Caravelli, 80058 Torre Annunziata (NA)",081 8622412,naic8bg001@istruzione.it,sì,https://www.comprensivoalfieri.edu.it,227,8.1,14
NAAA8FY069,infanzia statale,Ferriera,IC Leopardi-Parini,Torre Annunziata,NA,"Torretta Ferriera, 80058 Torre Annunziata (NA)",081 8623788,naic8fy007@istruzione.it,sì,https://www.comprensivoleopardiparinirovigliano.edu.it,34,8.1,14
NAAA8FY014,infanzia statale,Piazza Cavour,IC Leopardi-Parini,Torre Annunziata,NA,"Via Cavour 26, 80058 Torre Annunziata (NA)",081 8615253,naic8fy007@istruzione.it,sì,https://www.comprensivoleopardiparinirovigliano.edu.it,186,8.1,14
NAAA8FY047,infanzia statale,Piombiera,IC Leopardi-Parini,Torre Annunziata,NA,"Via Piombiera 1, 80058 Torre Annunziata (NA)",081 5358295,naic8fy007@istruzione.it,sì,https://www.comprensivoleopardiparinirovigliano.edu.it,68,8.1,14
NAAA8FY025,infanzia statale,Via Murat,IC Leopardi-Parini,Torre Annunziata,NA,"Via Murat 91, 80058 Torre Annunziata (NA)",081 8612464,naic8fy007@istruzione.it,sì,https://www.comprensivoleopardiparinirovigliano.edu.it,71,8.1,14
NAEE8FY019,primaria statale,Giacomo Leopardi,IC Leopardi-Parini,Torre Annunziata,NA,"Via Cavour 26, 80058 Torre Annunziata (NA)",081 8615253,naic8fy007@istruzione.it,sì,https://www.comprensivoleopardiparinirovigliano.edu.it,358,8.1,14
NAEE8FY07G,primaria statale,Isonzo,IC Leopardi-Parini,Torre Annunziata,NA,"Via Isonzo 1, 80058 Torre Annunziata (NA)",081 8623788,naic8fy007@istruzione.it,sì,https://www.comprensivoleopardiparinirovigliano.edu.it,47,8.1,14
NAEE8FY05D,primaria statale,Rovigliano,IC Leopardi-Parini,Torre Annunziata,NA,"Via Mortelleto 81, 80058 Torre Annunziata (NA)",081 8611384,naic8fy007@istruzione.it,sì,https://www.comprensivoleopardiparinirovigliano.edu.it,153,8.1,14
NAEE8FY02A,primaria statale,Via Murat,IC Leopardi-Parini,Torre Annunziata,NA,"Via Murat, 80058 Torre Annunziata (NA)",081 8612464,naic8fy007@istruzione.it,sì,https://www.comprensivoleopardiparinirovigliano.edu.it,93,8.1,14
NAAA8G801P,infanzia statale,Tagliamonte,IC Pascoli-Siani,Torre Annunziata,NA,"Via Tagliamonte, 80058 Torre Annunziata (NA)",081 5358280,naic8g800t@istruzione.it,sì,https://www.icpascolisianitorreannunziata.edu.it,170,8.1,14
NAEE8G801X,primaria statale,Siani,IC Pascoli-Siani,Torre Annunziata,NA,"Via Tagliamonte, 80058 Torre Annunziata (NA)",081 8611360,naic8g800t@istruzione.it,sì,https://www.icpascolisianitorreannunziata.edu.it,380,8.1,14
NA1A144002,infanzia paritaria,Centro Comunicazione Espressione,,Torre Annunziata,NA,"Via L. Iacono 8, 80058 Torre Annunziata (NA)",081 8613174,centrocomunicazionee@libero.it,sì,,31,8.1,14
NA1AIN500A,infanzia paritaria,Le Magiche Fiabe,,Torre Annunziata,NA,"Via E. Ercioli 153, 80058 Torre Annunziata (NA)",081 4617560,connysangiovanni@gmail.com,no: indirizzo personale,https://www.lemagichefiabe.it,10,8.1,14
NA1A576001,infanzia paritaria,Primavera di Bimbi,,Torre Annunziata,NA,"Via Avallone 7, 80058 Torre Annunziata (NA)",081 0489137,castiant1@virgilio.it,sì,,17,8.1,14
NAAA8B701T,infanzia statale,Buonconsiglio,IC Forzati-De Curtis,Sant'Antonio Abate,NA,"Via Buonconsiglio, 80057 Sant'Antonio Abate (NA)",081 8738074,naic8b7001@istruzione.it,sì,https://www.icforzati.edu.it,159,8.3,14
NAEE8B7013,primaria statale,Buonconsiglio,IC Forzati-De Curtis,Sant'Antonio Abate,NA,"Via Buonconsiglio 35, 80057 Sant'Antonio Abate (NA)",081 8738074,naic8b7001@istruzione.it,sì,https://www.icforzati.edu.it,288,8.3,14
NAEE8B7035,primaria statale,Capoluogo De Curtis,IC Forzati-De Curtis,Sant'Antonio Abate,NA,"Via Dante Alighieri 22, 80057 Sant'Antonio Abate (NA)",081 8796121,naic8b7001@istruzione.it,sì,https://www.icforzati.edu.it,178,8.3,14
NAAA85304D,infanzia statale,Capoluogo De Curtis,IC Mascolo-De Curtis,Sant'Antonio Abate,NA,"Via Dante Alighieri, 80057 Sant'Antonio Abate (NA)",081 8796121,naic85300d@istruzione.it,sì,https://www.scuolamascolo.edu.it,58,8.3,14
NAAA85301A,infanzia statale,Casa D'Auria,IC Mascolo-De Curtis,Sant'Antonio Abate,NA,"Via Casa D'Auria, 80057 Sant'Antonio Abate (NA)",081 8735657,naic85300d@istruzione.it,sì,https://www.scuolamascolo.edu.it,136,8.3,14
NAAA85302B,infanzia statale,Pontone,IC Mascolo-De Curtis,Sant'Antonio Abate,NA,"Via Santa Maria la Carita, 80057 Sant'Antonio Abate (NA)",081 8744039,naic85300d@istruzione.it,sì,https://www.scuolamascolo.edu.it,37,8.3,14
NAAA85303C,infanzia statale,Salette,IC Mascolo-De Curtis,Sant'Antonio Abate,NA,"Via Salette 18, 80057 Sant'Antonio Abate (NA)",081 8736278,naic85300d@istruzione.it,sì,https://www.scuolamascolo.edu.it,68,8.3,14
NAEE85304P,primaria statale,Capoluogo De Curtis,IC Mascolo-De Curtis,Sant'Antonio Abate,NA,"Via Dante Alighieri 22, 80057 Sant'Antonio Abate (NA)",081 8796121,naic85300d@istruzione.it,sì,https://www.scuolamascolo.edu.it,179,8.3,14
NAEE85303N,primaria statale,Cesano,IC Mascolo-De Curtis,Sant'Antonio Abate,NA,"Via Dante Alighieri 22, 80057 Sant'Antonio Abate (NA)",081 8796121,naic85300d@istruzione.it,sì,https://www.scuolamascolo.edu.it,29,8.3,14
NAEE85301G,primaria statale,Pontone,IC Mascolo-De Curtis,Sant'Antonio Abate,NA,"Via Santa Maria la Carità, 80057 Sant'Antonio Abate (NA)",081 8744039,naic85300d@istruzione.it,sì,https://www.scuolamascolo.edu.it,77,8.3,14
NAEE85302L,primaria statale,Salette,IC Mascolo-De Curtis,Sant'Antonio Abate,NA,"Via Salette 18, 80057 Sant'Antonio Abate (NA)",081 8736278,naic85300d@istruzione.it,sì,https://www.scuolamascolo.edu.it,144,8.3,14
NA1AQP500V,infanzia paritaria,La Polesana,,Sant'Antonio Abate,NA,"Via Dante Alighieri 62, 80057 Sant'Antonio Abate (NA)",0848 796011,scuolapolesana@libero.it,sì,,38,8.3,14
NA1AC65008,infanzia paritaria,La Sirenetta,,Sant'Antonio Abate,NA,"Via Roma 554, 80057 Sant'Antonio Abate (NA)",081 8744151,admin183291@lasirenetta.191.it,no: dominio che non riceve posta,,3,8.3,14
NA1A136003,infanzia paritaria,Mosè Mascolo,,Sant'Antonio Abate,NA,"Via Casa D'Aurian.46, 80057 Sant'Antonio Abate (NA)",081 8738096,sgscuolamosemascolo@gmail.com,sì,,20,8.3,14
NA1E23700N,primaria paritaria,Mosè Mascolo,,Sant'Antonio Abate,NA,"Via Casa D'Auria 40, 80057 Sant'Antonio Abate (NA)",081 8738096,sgscuolamosemascolo@gmail.com,sì,,47,8.3,14
NAAA8GF024,infanzia statale,D'Angiò,IC D'Angiò-Via Vesuvio,Trecase,NA,"Via C. Cattaneo 35, 80040 Trecase (NA)",081 8622853,naic8gf006@istruzione.it,sì,https://www.istitutocomprensivotrecase.edu.it,45,8.3,15
NAAA8GF013,infanzia statale,Via Vesuvio,IC D'Angiò-Via Vesuvio,Trecase,NA,"Via Vesuvio, 80040 Trecase (NA)",081 8615354,naic8gf006@istruzione.it,sì,https://www.istitutocomprensivotrecase.edu.it,172,8.3,15
NAEE8GF029,primaria statale,Via 4 Marzo,IC D'Angiò-Via Vesuvio,Trecase,NA,"Via Sesto Staibano, 80040 Trecase (NA)",081 5365148,naic8gf006@istruzione.it,sì,https://www.istitutocomprensivotrecase.edu.it,147,8.3,15
NAEE8GF018,primaria statale,Via Vesuvio,IC D'Angiò-Via Vesuvio,Trecase,NA,"Via Vesuvio, 80040 Trecase (NA)",081 5369654,naic8gf006@istruzione.it,sì,https://www.istitutocomprensivotrecase.edu.it,360,8.3,15
NA1A59500A,infanzia paritaria,Anni Verdi,,Trecase,NA,"Via Sesto Staibano 129, 80040 Trecase (NA)",081 8622340,scuola.anniverdi@libero.it,sì,,34,8.3,15
NA1A56900T,infanzia paritaria,Mondo Creativo,,Trecase,NA,"Via Bosco del Monaco 49, 80040 Trecase (NA)",081 5369189,marianna.sansone@virgilio.it,no: indirizzo personale,,28,8.3,15
NA1A504003,infanzia paritaria,Salvatore Bello,,Trecase,NA,"Via Capitano Giuseppe Rea 82, 80040 Trecase (NA)",081 8621244,ann.2001@libero.it,no: indirizzo personale,,21,8.3,15
NA1E214001,primaria paritaria,Salvatore Bello,,Trecase,NA,"Via Capitano Rea 139, 80040 Trecase (NA)",081 8621244,istparitarios.bello@libero.it,sì,,75,8.3,15
NAAA21916A,infanzia statale,Cappella dei Bisi,Circolo Didattico Eduardo De Filippo,Santa Maria la Carità,NA,"Via Cappella dei Bisi 171, 80050 Santa Maria la Carità (NA)",081 8741440,naee21900t@istruzione.it,sì,https://www.circolodidatticoeduardodefilippo.edu.it,64,8.6,16
NAAA219115,infanzia statale,Edificio Arancio,Circolo Didattico Eduardo De Filippo,Santa Maria la Carità,NA,"Via Scafati 4, 80050 Santa Maria la Carità (NA)",081 8741506,naee21900t@istruzione.it,sì,https://www.circolodidatticoeduardodefilippo.edu.it,181,8.6,16
NAAA219159,infanzia statale,Edificio Azzurro,Circolo Didattico Eduardo De Filippo,Santa Maria la Carità,NA,"Via Scafati 4 /Bis, 80050 Santa Maria la Carità (NA)",081 8741506,naee21900t@istruzione.it,sì,https://www.circolodidatticoeduardodefilippo.edu.it,87,8.6,16
NAEE21901V,primaria statale,Capoluogo,Circolo Didattico Eduardo De Filippo,Santa Maria la Carità,NA,"Via Scafati 4, 80050 Santa Maria la Carità (NA)",081 8741506,naee21900t@istruzione.it,sì,https://www.circolodidatticoeduardodefilippo.edu.it,587,8.6,16
NAEE21902X,primaria statale,Cappella dei Bisi,Circolo Didattico Eduardo De Filippo,Santa Maria la Carità,NA,"Via Cappella dei Bisi 171, 80050 Santa Maria la Carità (NA)",081 8741440,naee21900t@istruzione.it,sì,https://www.circolodidatticoeduardodefilippo.edu.it,102,8.6,16
NAAA8B6012,infanzia statale,Via Lattaro,IC Ernesto Borrelli,Santa Maria la Carità,NA,"Via Lattaro 16, 80050 Santa Maria la Carità (NA)",081 4247532,naic8b6005@istruzione.it,sì,https://www.icborrelli.edu.it,80,8.6,16
NAEE8B6017,primaria statale,Via Lattaro,IC Ernesto Borrelli,Santa Maria la Carità,NA,"Via Lattaro 16, 80050 Santa Maria la Carità (NA)",081 4247532,naic8b6005@istruzione.it,sì,https://www.icborrelli.edu.it,142,8.6,16
NA1ARO500E,infanzia paritaria,Accademia degli Scugnizzi,,Santa Maria la Carità,NA,"Via Bardascini 18, 80050 Santa Maria la Carità (NA)",081 8743988,info@accademiadegliscugnizzi.it,sì,https://accademiadegliscugnizzi.it,52,8.6,16
NA1A74200G,infanzia paritaria,Le Simpatiche Canaglie,,Santa Maria la Carità,NA,"Via Canneto II 16, 80050 Santa Maria la Carità (NA)",081 19818517,lesimpatichecanaglie2020@gmail.com,sì,,34,8.6,16
NA1A67700N,infanzia paritaria,New Solletico,,Santa Maria la Carità,NA,"Via Motta Carità 116, 80050 Santa Maria la Carità (NA)",081 8703883,gargiulocarmela@virgilio.it,no: indirizzo personale,,37,8.6,16
SAAA10201T,infanzia statale,Carducci,1° Circolo Didattico,Pagani,SA,"Via Giuseppe Mazzini, 84016 Pagani (SA)",081 914305,saee102002@istruzione.it,sì,https://www.primocircolopagani.edu.it,82,8.7,14
SAAA10202V,infanzia statale,Corso Ettore Padovano,1° Circolo Didattico,Pagani,SA,"Corso E. Padovano, 84016 Pagani (SA)",081 916000,saee102002@istruzione.it,sì,https://www.primocircolopagani.edu.it,66,8.7,14
SAAA102041,infanzia statale,Via Repubblica,1° Circolo Didattico,Pagani,SA,"Piazza Sant'Alfonso, 84016 Pagani (SA)",081 5153013,saee102002@istruzione.it,sì,https://www.primocircolopagani.edu.it,118,8.7,14
SAEE102035,primaria statale,Alessandro Manzoni,1° Circolo Didattico,Pagani,SA,"Corso E. Padovano, 84016 Pagani (SA)",081 916000,saee102002@istruzione.it,sì,https://www.primocircolopagani.edu.it,141,8.7,14
SAEE102046,primaria statale,Carducci,1° Circolo Didattico,Pagani,SA,"Via Giuseppe Mazzini, 84016 Pagani (SA)",081 914305,saee102002@istruzione.it,sì,https://www.primocircolopagani.edu.it,115,8.7,14
SAEE102024,primaria statale,Gianni Rodari,1° Circolo Didattico,Pagani,SA,"Piazza Sant'Alfonso, 84016 Pagani (SA)",081 5153013,saee102002@istruzione.it,sì,https://www.primocircolopagani.edu.it,256,8.7,14
SAAA8CB01Q,infanzia statale,Barbazzano,IC Criscuolo,Pagani,SA,"Via Sant'Erasmo, 84016 Pagani (SA)",081 915523,saic8cb00v@istruzione.it,sì,https://www.scuolacriscuolopagani.edu.it,36,8.7,14
SAAA8CB03T,infanzia statale,Collodi,IC Criscuolo,Pagani,SA,"Via Filettine, 84016 Pagani (SA)",081 5152641,saic8cb00v@istruzione.it,sì,https://www.scuolacriscuolopagani.edu.it,68,8.7,14
SAAA8CB04V,infanzia statale,Forteco,IC Criscuolo,Pagani,SA,"Via Sant'Erasmo, 84016 Pagani (SA)",081 910166,saic8cb00v@istruzione.it,sì,https://www.scuolacriscuolopagani.edu.it,35,8.7,14
SAEE8CB011,primaria statale,Barbazzano,IC Criscuolo,Pagani,SA,"Via Barbazzano, 84016 Pagani (SA)",081 915523,saic8cb00v@istruzione.it,sì,https://www.scuolacriscuolopagani.edu.it,163,8.7,14
SAEE8CB033,primaria statale,Collodi,IC Criscuolo,Pagani,SA,"Via Filettine 200, 84016 Pagani (SA)",081 5152641,saic8cb00v@istruzione.it,sì,https://www.scuolacriscuolopagani.edu.it,211,8.7,14
SAAA8A5045,infanzia statale,Flaucinola,IC Sant'Alfonso de' Liguori,Pagani,SA,"Via Flaucinola, 84016 Pagani (SA)",081 910230,saic8a5005@istruzione.it,sì,https://www.icsantalfonsopagani.edu.it,25,8.7,14
SAAA8A5023,infanzia statale,Via A. Califano,IC Sant'Alfonso de' Liguori,Pagani,SA,"Via A. Califano, 84016 Pagani (SA)",0081 916838,saic8a5005@istruzione.it,sì,https://www.icsantalfonsopagani.edu.it,125,8.7,14
SAEE8A5039,primaria statale,Don Milani,IC Sant'Alfonso de' Liguori,Pagani,SA,"Via A. Califano, 84016 Pagani (SA)",081 916838,saic8a5005@istruzione.it,sì,https://www.icsantalfonsopagani.edu.it,305,8.7,14
SAEE8A505B,primaria statale,Flaucinola,IC Sant'Alfonso de' Liguori,Pagani,SA,"Via Flaucinola, 84016 Pagani (SA)",081 910230,saic8a5005@istruzione.it,sì,https://www.icsantalfonsopagani.edu.it,53,8.7,14
SA1A161006,infanzia paritaria,Baby Club,,Pagani,SA,"Via C. Tramontano 77, 84016 Pagani (SA)",081 5154813,darco.raffaella@libero.it,no: indirizzo personale,,36,8.7,14
SA1ATL5004,infanzia paritaria,Hello Spank,,Pagani,SA,"Via Alcide De Gasperi 251, 84016 Pagani (SA)",081 18897183,hellospanksas@libero.it,sì,,34,8.7,14
SA1A00100N,infanzia paritaria,Il Carminello,,Pagani,SA,"Via Matteotti 39, 84016 Pagani (SA)",081 19917159,gruppocataleya@libero.it,sì,,43,8.7,14
SA1A12100Q,infanzia paritaria,Immacolata,,Pagani,SA,"Via Cesarano 75, 84016 Pagani (SA)",081 917435,direzione@paritariaimmacolata.it,sì,,67,8.7,14
SA1A0B500A,infanzia paritaria,Mulan,,Pagani,SA,"Via Sant'Erasmo 34/36, 84016 Pagani (SA)",081 18406969,coop.mulan@libero.it,sì,,30,8.7,14
SA1ASU500N,infanzia paritaria,Oasi Boom,,Pagani,SA,"Via Caduti di Superga 21, 84016 Pagani (SA)",081 0585880,francescoboomanimation@gmail.com,sì,,38,8.7,14
SA1A12800E,infanzia paritaria,Preziosissimo Sangue,,Pagani,SA,"Via San Francesco 107, 84016 Pagani (SA)",081 916240,scuolapps@libero.it,sì,,21,8.7,14
SA1E004003,primaria paritaria,Immacolata,,Pagani,SA,"Via A. Cesarano 75, 84016 Pagani (SA)",081 917435,direzione@paritariaimmacolata.it,sì,https://www.paritariaimmacolata.it,112,8.7,14
SA1E02300C,primaria paritaria,Preziosissimo Sangue,,Pagani,SA,"Via San Francesco 107, 84016 Pagani (SA)",081 919845,scuolapps@libero.it,sì,,58,8.7,14
SAAA8BA019,infanzia statale,Capoluogo,IC Eduardo De Filippo,Sant'Egidio del Monte Albino,SA,"Via Pulcinella, 84010 Sant'Egidio del Monte Albino (SA)",081 5153166,saic8ba00c@istruzione.it,sì,http://www.icedefilippo.edu.it,46,8.9,15
SAAA8BA02A,infanzia statale,Orta Loreto,IC Eduardo De Filippo,Sant'Egidio del Monte Albino,SA,"Via Mazzini, 84010 Sant'Egidio del Monte Albino (SA)",081 5152560,saic8ba00c@istruzione.it,sì,http://www.icedefilippo.edu.it,93,8.9,15
SAAA8BA03B,infanzia statale,San Lorenzo,IC Eduardo De Filippo,Sant'Egidio del Monte Albino,SA,"Via Coscioni 1, 84010 Sant'Egidio del Monte Albino (SA)",081 5151060,saic8ba00c@istruzione.it,sì,http://www.icedefilippo.edu.it,33,8.9,15
SAEE8BA01E,primaria statale,Capoluogo,IC Eduardo De Filippo,Sant'Egidio del Monte Albino,SA,"Via G. Leopardi 1, 84010 Sant'Egidio del Monte Albino (SA)",081 5152203,saic8ba00c@istruzione.it,sì,http://www.icedefilippo.edu.it,102,8.9,15
SAEE8BA02G,primaria statale,Orta Loreto,IC Eduardo De Filippo,Sant'Egidio del Monte Albino,SA,"Via G. Mazzini, 84010 Sant'Egidio del Monte Albino (SA)",081 5152277,saic8ba00c@istruzione.it,sì,,262,8.9,15
SAEE8BA03L,primaria statale,San Lorenzo,IC Eduardo De Filippo,Sant'Egidio del Monte Albino,SA,"Via Coscioni 1, 84010 Sant'Egidio del Monte Albino (SA)",081 5151060,saic8ba00c@istruzione.it,sì,http://www.icedefilippo.edu.it,108,8.9,15
SA1AOE500Z,infanzia paritaria,La Casa di Topolino,,Sant'Egidio del Monte Albino,SA,"Via M. Buonarroti 60, 84010 Sant'Egidio del Monte Albino (SA)",081 19176890,lacasadi_topolino@libero.it,sì,,15,8.9,15
SA1A18000G,infanzia paritaria,Piccoli Amici,,Sant'Egidio del Monte Albino,SA,"Via Kennedy 65, 84010 Sant'Egidio del Monte Albino (SA)",081 919560,piccoliamici08@libero.it,sì,,9,8.9,15
NAAA8CQ03A,infanzia statale,De Curtis,IC 1 De Curtis,Carbonara di Nola,NA,"Via Rainone, 80030 Carbonara di Nola (NA)",081 8253014,naic8cq00b@istruzione.it,sì,https://www.icdecurtisprimopalma.edu.it,45,9.4,20
NAEE8CQ03G,primaria statale,De Curtis,IC 1 De Curtis,Carbonara di Nola,NA,"Via Rainone, 80036 Carbonara di Nola (NA)",081 8253014,naic8cq00b@istruzione.it,sì,https://www.icdecurtisprimopalma.edu.it,78,9.4,20
SAAA8BA04C,infanzia statale,Capoluogo,IC Eduardo De Filippo,Corbara,SA,"Via Tenente Lignola, 84010 Corbara (SA)",081 913040,saic8ba00c@istruzione.it,sì,http://www.icedefilippo.edu.it,70,9.6,16
SAEE8BA04N,primaria statale,Capoluogo,IC Eduardo De Filippo,Corbara,SA,"Via T. Lignola, 84010 Corbara (SA)",081 913040,saic8ba00c@istruzione.it,sì,http://www.icedefilippo.edu.it,119,9.6,16
AVAA84605L,infanzia statale,Capoluogo,Omnicomprensivo Croce-Nobile-Amundsen,Domicella,AV,"Via Diaz, 83020 Domicella (AV)",081 8253627,avic84600g@istruzione.it,sì,https://www.icbenedettocrocelauro.edu.it,46,10.3,21
AVEE84606V,primaria statale,Papa Giovanni XXIII,Omnicomprensivo Croce-Nobile-Amundsen,Domicella,AV,"Via G. Anisio, 83020 Domicella (AV)",081 8253627,avic84600g@istruzione.it,sì,https://www.icbenedettocrocelauro.edu.it,66,10.3,21
NAAA8AS017,infanzia statale,Capoluogo,IC Pellico-Iozzino,Lettere,NA,"Corso Vittorio Emanuele 56, 80050 Lettere (NA)",081 5399015,naic8as00a@istruzione.it,sì,https://www.icpellicoiozzino.edu.it,31,10.3,23
NAAA8AS028,infanzia statale,Orsano Sant'Anna,IC Pellico-Iozzino,Lettere,NA,"Via Nuova Orsano 7, 80050 Lettere (NA)",081 8021259,naic8as00a@istruzione.it,sì,https://www.icpellicoiozzino.edu.it,38,10.3,23
NAAA8AS04A,infanzia statale,San Lorenzo,IC Pellico-Iozzino,Lettere,NA,"Via San Lorenzo 9, 80050 Lettere (NA)",081 5399019,naic8as00a@istruzione.it,sì,https://www.icpellicoiozzino.edu.it,46,10.3,23
NAEE8AS01C,primaria statale,Longobardi,IC Pellico-Iozzino,Lettere,NA,"Corso Vittorio Emanuele 56, 80050 Lettere (NA)",081 5399015,naic8as00a@istruzione.it,sì,https://www.icpellicoiozzino.edu.it,147,10.3,23
NAEE8AS02D,primaria statale,Orsano,IC Pellico-Iozzino,Lettere,NA,"Via Nuova Orsano 5, 80050 Lettere (NA)",081 5399023,naic8as00a@istruzione.it,sì,https://www.icpellicoiozzino.edu.it,67,10.3,23
SAAA8BS026,infanzia statale,M. F. De Fusco Longo,IC 1 Solimena,Nocera Inferiore,SA,"Via Origlia, 84014 Nocera Inferiore (SA)",081 3085523,saic8bs008@istruzione.it,sì,https://www.primoicnocerainferiore.it,32,10.9,17
SAAA8BS015,infanzia statale,Via F. Nola,IC 1 Solimena,Nocera Inferiore,SA,"Via F. Nola 3, 84014 Nocera Inferiore (SA)",081 5176356,saic8bs008@istruzione.it,sì,https://www.primoicnocerainferiore.it,80,10.9,17
SAEE8BS01A,primaria statale,Via F. Nola,IC 1 Solimena,Nocera Inferiore,SA,"Via F. Nola 1, 84014 Nocera Inferiore (SA)",081 5176356,saic8bs008@istruzione.it,sì,https://www.primoicnocerainferiore.it,225,10.9,17
SAAA8BT011,infanzia statale,Capocasale,IC 2,Nocera Inferiore,SA,"Via A. Gramsci 21, 84014 Nocera Inferiore (SA)",081 926717,saic8bt004@istruzione.it,sì,https://www.comprensivo2nocera.edu.it,61,10.9,17
SAEE8BT027,primaria statale,Capocasale,IC 2,Nocera Inferiore,SA,"Via A. Gramsci 21, 84014 Nocera Inferiore (SA)",081 926717,saic8bt004@istruzione.it,sì,https://www.comprensivo2nocera.edu.it,183,10.9,17
SAEE8BT016,primaria statale,Via Fava,IC 2,Nocera Inferiore,SA,"Via Martinez Y Cabrera, 84014 Nocera Inferiore (SA)",081 9211176,saic8bt004@istruzione.it,sì,https://www.comprensivo2nocera.edu.it,117,10.9,17
SAAA8BU01R,infanzia statale,Rione Cicalesi,IC 3 Massimo Li Pira,Nocera Inferiore,SA,"Via Pietraccioli, 84014 Nocera Inferiore (SA)",081 925530,saic8bu00x@istruzione.it,sì,https://www.terzocomprensivonocera.edu.it,106,10.9,17
SAAA8BU02T,infanzia statale,Santa Chiara,IC 3 Massimo Li Pira,Nocera Inferiore,SA,"Via Crocifisso, 84014 Nocera Inferiore (SA)",081 5176035,saic8bu00x@istruzione.it,sì,https://www.terzocomprensivonocera.edu.it,68,10.9,17
SAEE8BU012,primaria statale,Cicalesi,IC 3 Massimo Li Pira,Nocera Inferiore,SA,"Via Crocifisso, 84014 Nocera Inferiore (SA)",081 923785,saic8bu00x@istruzione.it,sì,https://www.terzocomprensivonocera.edu.it,336,10.9,17
SAEE8BU023,primaria statale,Santa Chiara,IC 3 Massimo Li Pira,Nocera Inferiore,SA,"Via Crocifisso, 84014 Nocera Inferiore (SA)",081 5176035,saic8bu00x@istruzione.it,sì,https://www.terzocomprensivonocera.edu.it,220,10.9,17
SAAA8BV01L,infanzia statale,Casolla,IC 4 Ilaria Alpi,Nocera Inferiore,SA,"Via Malinconico 3, 84014 Nocera Inferiore (SA)",342 669 5387,saic8bv00q@istruzione.it,sì,https://www.quartoicilariaalpinocerainferiore.edu.it,151,10.9,17
SAAA8BV02N,infanzia statale,Montevescovado,IC 4 Ilaria Alpi,Nocera Inferiore,SA,"Via P. De Concilis 15, 84014 Nocera Inferiore (SA)",345 076 3043,saic8bv00q@istruzione.it,sì,https://www.quartoicilariaalpinocerainferiore.edu.it,31,10.9,17
SAEE8BV01T,primaria statale,Casolla Marrazzo,IC 4 Ilaria Alpi,Nocera Inferiore,SA,"Via Malinconico, 84014 Nocera Inferiore (SA)",349 261 9223,saic8bv00q@istruzione.it,sì,https://www.quartoicilariaalpinocerainferiore.edu.it,314,10.9,17
SAEE8BV03X,primaria statale,Madre Teresa di Calcutta,IC 4 Ilaria Alpi,Nocera Inferiore,SA,"Via De Concilis 15, 84014 Nocera Inferiore (SA)",349 230 9824,saic8bv00q@istruzione.it,sì,https://www.quartoicilariaalpinocerainferiore.edu.it,60,10.9,17
SAEE8BV02V,primaria statale,Vescovado,IC 4 Ilaria Alpi,Nocera Inferiore,SA,"Via Vescovado, 84014 Nocera Inferiore (SA)",081 924302,saic8bv00q@istruzione.it,sì,https://www.quartoicilariaalpinocerainferiore.edu.it,80,10.9,17
SAAA8BR01X,infanzia statale,Piedimonte Chivoli,IC 5,Nocera Inferiore,SA,"Via Urbulana 32, 84014 Nocera Inferiore (SA)",081 5177921,saic8br003@istruzione.it,sì,https://www.quintocomprensivonocerainferiore.it,39,10.9,17
SAAA8BR032,infanzia statale,San Mauro Centro,IC 5,Nocera Inferiore,SA,"Via San Mauro, 84014 Nocera Inferiore (SA)",081 926887,saic8br003@istruzione.it,sì,https://www.quintocomprensivonocerainferiore.it,39,10.9,17
SAAA8BR043,infanzia statale,Via Marconi,IC 5,Nocera Inferiore,SA,84014 Nocera Inferiore (SA),081 5179424,saic8br003@istruzione.it,sì,https://www.quintocomprensivonocerainferiore.it,66,10.9,17
SAAA8BR054,infanzia statale,Via Sant'Anna,IC 5,Nocera Inferiore,SA,"Via Sant'Anna, 84014 Nocera Inferiore (SA)",081 5173155,saic8br003@istruzione.it,sì,https://www.quintocomprensivonocerainferiore.it,54,10.9,17
SAEE8BR015,primaria statale,Piedimonte Chivoli,IC 5,Nocera Inferiore,SA,"Via Urbulana 116, 84014 Nocera Inferiore (SA)",081 5177921,saic8br003@istruzione.it,sì,https://www.quintocomprensivonocerainferiore.it,78,10.9,17
SAEE8BR037,primaria statale,San Mauro,IC 5,Nocera Inferiore,SA,"San Mauro, 84014 Nocera Inferiore (SA)",081 924454,saic8br003@istruzione.it,sì,https://www.quintocomprensivonocerainferiore.it,137,10.9,17
SAEE8BR048,primaria statale,Via Marconi,IC 5,Nocera Inferiore,SA,"Via Marconi, 84014 Nocera Inferiore (SA)",081 5179424,saic8br003@istruzione.it,sì,https://www.quintocomprensivonocerainferiore.it,127,10.9,17
SA1A167005,infanzia paritaria,Biancaneve,,Nocera Inferiore,SA,"Via R. Silvestri 29, 84014 Nocera Inferiore (SA)",081 918605,biancanevescuola@libero.it,sì,,9,10.9,17
SA1A15000Q,infanzia paritaria,Disney Club,,Nocera Inferiore,SA,"S. D'Alessandro 9, 84014 Nocera Inferiore (SA)",081 5174605,disneyclub@email.it,sì,,66,10.9,17
SA1A18400V,infanzia paritaria,Il Tartarughino,,Nocera Inferiore,SA,"Via Origlia 1, 84014 Nocera Inferiore (SA)",081 5170172,oliva_valentina@live.it,no: indirizzo personale,,47,10.9,17
SA1A12900A,infanzia paritaria,Il Volo delle Colombe,,Nocera Inferiore,SA,"Via Domenico Rea 6, 84014 Nocera Inferiore (SA)",081 926822,ilvolodellecolombe@gmail.com,sì,,27,10.9,17
SA1A2H500H,infanzia paritaria,L'Abbraccio,,Nocera Inferiore,SA,"Via Castaldo 4, 84014 Nocera Inferiore (SA)",081 8433819,info@scuolalabbraccio.it,sì,,13,10.9,17
SA1ATZ5008,infanzia paritaria,L'Ape Gaia,,Nocera Inferiore,SA,"Via T.L. Caro 10, 84014 Nocera Inferiore (SA)",081 9211179,asilonidoapegaia@hotmail.it,sì,https://www.lapegaia.com,19,10.9,17
SA1ADM500M,infanzia paritaria,L'Arcobaleno,,Nocera Inferiore,SA,"Via R. Grimaldi 30/2, 84014 Nocera Inferiore (SA)",5179300,annabruno0212@live.it,no: indirizzo personale,,23,10.9,17
SA1A196005,infanzia paritaria,La Bottega di Mastro Ciliegia,,Nocera Inferiore,SA,"Via Atzori 116, 84014 Nocera Inferiore (SA)",081 5175922,b.mastro.ciliegia@gmail.com,sì,,20,10.9,17
SA1A141001,infanzia paritaria,La Gioia dei Bimbi,,Nocera Inferiore,SA,"Via Astuti Parco di Luggo 105/13, 84014 Nocera Inferiore (SA)",081 924240,lagioiadeibimbi_1@libero.it,sì,,30,10.9,17
SA1A170001,infanzia paritaria,Mazz' e Panell,,Nocera Inferiore,SA,"Corso Vittorio Emanuele II 121, 84014 Nocera Inferiore (SA)",081 5179595,minamanzo@inwind.it,no: indirizzo personale,https://www.mazzepanell.com,56,10.9,17
SA1AZB500U,infanzia paritaria,Primi Passi,,Nocera Inferiore,SA,"Piazzetta Pagliara 2, 84014 Nocera Inferiore (SA)",328 729 8623,tortoratilde2@gmail.com,no: indirizzo personale,,11,10.9,17
NAAA8AS069,infanzia statale,Traversa Via Roma,IC Pellico-Iozzino,Casola di Napoli,NA,"Traversa Via Roma, 80050 Casola di Napoli (NA)",081 8011179,naic8as00a@istruzione.it,sì,https://www.icpellicoiozzino.edu.it,102,11.2,22
NAEE8AS04C,primaria statale,Capoluogo,IC Pellico-Iozzino,Casola di Napoli,NA,"Via Roma, 80050 Casola di Napoli (NA)",081 8012889,naic8as00a@istruzione.it,sì,https://www.icpellicoiozzino.edu.it,125,11.2,22
NAEE8AS05D,primaria statale,Via Cappellano,IC Pellico-Iozzino,Casola di Napoli,NA,"Via Roma, 80050 Casola di Napoli (NA)",081 8021117,naic8as00a@istruzione.it,sì,https://www.icpellicoiozzino.edu.it,80,11.2,22
NAAA18501Q,infanzia statale,Gino Auriemma,1° Circolo Didattico Raffaele Arfè,Somma Vesuviana,NA,"Via Ferrante d'Aragona, 80049 Somma Vesuviana (NA)",081 3049021,naee18500x@istruzione.it,sì,https://www.1cdsomma.edu.it,62,11.5,19
NAAA185106,infanzia statale,Giovanni De Matha,1° Circolo Didattico Raffaele Arfè,Somma Vesuviana,NA,"Via Giovanni De Matha, 80049 Somma Vesuviana (NA)",081 8931430,naee18500x@istruzione.it,sì,https://www.1cdsomma.edu.it,118,11.5,19
NAEE185011,primaria statale,Capoluogo,1° Circolo Didattico Raffaele Arfè,Somma Vesuviana,NA,"Via Roma 59, 80049 Somma Vesuviana (NA)",081 8986996,naee18500x@istruzione.it,sì,https://www.1cdsomma.edu.it,276,11.5,19
NAEE185022,primaria statale,Gino Auriemma,1° Circolo Didattico Raffaele Arfè,Somma Vesuviana,NA,"Ferrante d'Aragona, 80049 Somma Vesuviana (NA)",081 3049021,naee18500x@istruzione.it,sì,http://www.1cdsomma.it,108,11.5,19
NAEE185033,primaria statale,Mercato Vecchio,1° Circolo Didattico Raffaele Arfè,Somma Vesuviana,NA,"Via Mercato Vecchio 61, 80049 Somma Vesuviana (NA)",081 8991139,naee18500x@istruzione.it,sì,http://www.1cdsomma.it,113,11.5,19
NAAA21407R,infanzia statale,Ravaschieri,2° Circolo Didattico Don Minzoni,Somma Vesuviana,NA,"Via Don Minzoni 12, 80049 Somma Vesuviana (NA)",081 8939242,naee21400p@istruzione.it,sì,https://sommadue.edu.it,83,11.5,19
NAAA21404N,infanzia statale,Rione Trieste,2° Circolo Didattico Don Minzoni,Somma Vesuviana,NA,"Via Costantinopoli, 80049 Somma Vesuviana (NA)",081 8939252,naee21400p@istruzione.it,sì,https://sommadue.edu.it,62,11.5,19
NAAA21401E,infanzia statale,Via Costantinopoli,2° Circolo Didattico Don Minzoni,Somma Vesuviana,NA,"Via Costantinopoli 214, 80049 Somma Vesuviana (NA)",081 8939252,naee21400p@istruzione.it,sì,https://sommadue.edu.it,17,11.5,19
NAAA21403L,infanzia statale,Via Don Minzoni,2° Circolo Didattico Don Minzoni,Somma Vesuviana,NA,"Via Don Minzoni 12, 80049 Somma Vesuviana (NA)",081 8939242,naee21400p@istruzione.it,sì,https://sommadue.edu.it,108,11.5,19
NAEE21403T,primaria statale,Rione Trieste,2° Circolo Didattico Don Minzoni,Somma Vesuviana,NA,"Via Costantinopoli 88, 80049 Somma Vesuviana (NA)",081 3592843,naee21400p@istruzione.it,sì,https://sommadue.edu.it,163,11.5,19
NAEE21404V,primaria statale,Via Costantinopoli,2° Circolo Didattico Don Minzoni,Somma Vesuviana,NA,"Via Costantinopoli 214, 80049 Somma Vesuviana (NA)",081 8997321,naee21400p@istruzione.it,sì,https://sommadue.edu.it,21,11.5,19
NAEE21401Q,primaria statale,Via Don Minzoni,2° Circolo Didattico Don Minzoni,Somma Vesuviana,NA,"Via Don Minzoni 16, 80049 Somma Vesuviana (NA)",081 3763186,naee21400p@istruzione.it,sì,https://sommadue.edu.it,325,11.5,19
NAAA8HH02A,infanzia statale,Matarazzo,IC 3 Bosco-Villa,Somma Vesuviana,NA,"Via Cupa di Nola, 80049 Somma Vesuviana (NA)",081 8939235,naic8hh00c@istruzione.it,sì,https://smsangiovannibosco.edu.it,40,11.5,19
NAAA8HH019,infanzia statale,Santa Maria del Pozzo,IC 3 Bosco-Villa,Somma Vesuviana,NA,"Santa Maria del Pozzo 81, 80049 Somma Vesuviana (NA)",081 8939224,naic8hh00c@istruzione.it,sì,https://smsangiovannibosco.edu.it,112,11.5,19
NAEE8HH02G,primaria statale,Santa Maria del Pozzo 101,IC 3 Bosco-Villa,Somma Vesuviana,NA,"Via Santa Maria del Pozzo 101, 80049 Somma Vesuviana (NA)",081 8939228,naic8hh00c@istruzione.it,sì,https://smsangiovannibosco.edu.it,179,11.5,19
NAEE8HH01E,primaria statale,Santa Maria del Pozzo 81,IC 3 Bosco-Villa,Somma Vesuviana,NA,"Via Santa Maria del Pozzo 81, 80049 Somma Vesuviana (NA)",081 8939224,naic8hh00c@istruzione.it,sì,https://smsangiovannibosco.edu.it,21,11.5,19
NAEE8HH03L,primaria statale,Termini,IC 3 Bosco-Villa,Somma Vesuviana,NA,"Via Cupa di Nola, 80049 Somma Vesuviana (NA)",081 8939235,naic8hh00c@istruzione.it,sì,https://smsangiovannibosco.edu.it,98,11.5,19
NA1ACG500I,infanzia paritaria,Haladin Club,,Somma Vesuviana,NA,"Via San Sossio 2/b, 80049 Somma Vesuviana (NA)",081 8995560,haladinclub@gmail.com,sì,,17,11.5,19
NA1A50100G,infanzia paritaria,L'Oasi dei Bambini,,Somma Vesuviana,NA,"Via Micco Masseria Castagnola, 80049 Somma Vesuviana (NA)",081 5318178,palmasampolo@alice.it,no: indirizzo personale,https://www.oasideibambini.it,38,11.5,19
NA1A03800T,infanzia paritaria,Maria Montessori,,Somma Vesuviana,NA,"Via Marigliano 140, 80049 Somma Vesuviana (NA)",081 8932444,montessori@istruzionemontessori.it,sì,https://www.istruzionemontessori.it,36,11.5,19
NA1A59300P,infanzia paritaria,Peter Pan,,Somma Vesuviana,NA,"Via Starza della Regina 39, 80049 Somma Vesuviana (NA)",081 5317550,scuolapeterpan@alice.it,sì,https://www.scuolaparitariapeterpan.it,49,11.5,19
NA1E031001,primaria paritaria,Maria Montessori,,Somma Vesuviana,NA,"Via Marigliano 140, 80049 Somma Vesuviana (NA)",081 8932444,montessori@istruzionemontessori.it,sì,https://www.istruzionemontessori.it,69,11.5,19
NAAA8E6063,infanzia statale,Maria Montessori,IC 3 Staglie-Parco Imperiale,Gragnano,NA,"Via Volte 20, 80054 Gragnano (NA)",081 8011342,naic8e6001@istruzione.it,sì,https://www.icgragnano3.edu.it,51,12.0,21
NAAA8E6052,infanzia statale,Via Castellammare,IC 3 Staglie-Parco Imperiale,Gragnano,NA,"Via Perillo 51, 80054 Gragnano (NA)",081 8718677,naic8e6001@istruzione.it,sì,https://www.icgragnano3.edu.it,58,12.0,21
NAAA8E6041,infanzia statale,Via Viviani,IC 3 Staglie-Parco Imperiale,Gragnano,NA,"Via Viviani 13, 80054 Gragnano (NA)",081 8717668,naic8e6001@istruzione.it,sì,https://www.icgragnano3.edu.it,59,12.0,21
NAEE8E6035,primaria statale,Parco Imperiale,IC 3 Staglie-Parco Imperiale,Gragnano,NA,"Via G. Leopardi 6, 80054 Gragnano (NA)",081 8702141,naic8e6001@istruzione.it,sì,https://www.icgragnano3.edu.it,146,12.0,21
NAEE8E6013,primaria statale,Staglie,IC 3 Staglie-Parco Imperiale,Gragnano,NA,"Via Perillo 51, 80054 Gragnano (NA)",081 8018448,naic8e6001@istruzione.it,sì,https://www.icgragnano3.edu.it,236,12.0,21
NAAA8HS02B,infanzia statale,Via Caprile,IC Lizzadri-Roncalli,Gragnano,NA,"Via Caprile, 80054 Gragnano (NA)",081 8012762,naic8hs00d@istruzione.it,sì,https://www.iclizzadrironcalli.edu.it,30,12.0,21
NAAA8HS01A,infanzia statale,Via Lamma,IC Lizzadri-Roncalli,Gragnano,NA,"Via Lamma, 80054 Gragnano (NA)",081 8013088,naic8hs00d@istruzione.it,sì,https://www.iclizzadrironcalli.edu.it,65,12.0,21
NAAA8HS03C,infanzia statale,Via Vittorio Veneto,IC Lizzadri-Roncalli,Gragnano,NA,"Via Vittorio Veneto 18, 80054 Gragnano (NA)",081 8012921,naic8hs00d@istruzione.it,sì,https://www.iclizzadrironcalli.edu.it,106,12.0,21
NAEE8HS03N,primaria statale,Aurano,IC Lizzadri-Roncalli,Gragnano,NA,"Via Nuova Aurano, 80054 Gragnano (NA)",081 5391921,naic8hs00d@istruzione.it,sì,https://www.iclizzadrironcalli.edu.it,56,12.0,21
NAEE8HS01G,primaria statale,Via Lamma,IC Lizzadri-Roncalli,Gragnano,NA,"Via Lamma 26, 80054 Gragnano (NA)",081 8013088,naic8hs00d@istruzione.it,sì,https://www.iclizzadrironcalli.edu.it,128,12.0,21
NAEE8HS02L,primaria statale,Via Vittorio Veneto,IC Lizzadri-Roncalli,Gragnano,NA,"Via Vittorio Veneto, 80054 Gragnano (NA)",081 8012921,naic8hs00d@istruzione.it,sì,https://www.iclizzadrironcalli.edu.it,206,12.0,21
NAAA8HR015,infanzia statale,Via Quarantola,IC Ungaretti-Fucini,Gragnano,NA,"Via Quarantola 6, 80054 Gragnano (NA)",081 8012968,naic8hr008@istruzione.it,sì,https://www.icungarettifucini.edu.it,159,12.0,21
NAEE8HR01A,primaria statale,Ungaretti,IC Ungaretti-Fucini,Gragnano,NA,"Via Quarantola 8, 80054 Gragnano (NA)",081 8012968,naic8hr008@istruzione.it,sì,https://www.icungarettifucini.edu.it,474,12.0,21
NA1A67600T,infanzia paritaria,Cucciolo,,Gragnano,NA,"Via Ponte Carmiano 8, 80054 Gragnano (NA)",081 8700272,scuolacucciolosrl@gmail.com,sì,,13,12.0,21
NA1A01200N,infanzia paritaria,M.B. Alberti,,Gragnano,NA,"Via Vena della Fossa 19, 80054 Gragnano (NA)",081 8717643,m.b.alberti.scuola@alice.it,sì,,27,12.0,21
NA1AQU500R,infanzia paritaria,Santa Croce,,Gragnano,NA,"Via Nuova S. Leone 62, 80054 Gragnano (NA)",081 8711060,info@istitutosantacroce.it,sì,,9,12.0,21
NA1E21500R,primaria paritaria,M.B. Alberti,,Gragnano,NA,"Strada S. le per Agerola 16, 80054 Gragnano (NA)",081 8717643,m.b.alberti.scuola@alice.it,sì,,68,12.0,21
NA1E149003,primaria paritaria,Santa Croce,,Gragnano,NA,"Via Nuova S. Leone 62, 80054 Gragnano (NA)",081 8724445,info@istitutosantacroce.it,sì,,27,12.0,21
NAAA8HD012,infanzia statale,Basilio Cecchi,IC 1 Cecchi-Stabiae,Castellammare di Stabia,NA,"Viale Dante, 80053 Castellammare di Stabia (NA)",081 8712901,naic8hd005@istruzione.it,sì,https://www.1cecchistabiae.edu.it,58,12.2,21
NAEE8HD017,primaria statale,Basilio Cecchi,IC 1 Cecchi-Stabiae,Castellammare di Stabia,NA,"Viale Dante, 80053 Castellammare di Stabia (NA)",081 8712901,naic8hd005@istruzione.it,sì,https://www.1cecchistabiae.edu.it,488,12.2,21
NAAA8DH02X,infanzia statale,Piazza Giovanni XXIII,IC 2 Panzini,Castellammare di Stabia,NA,"Piazza Giovanni XXIII 30, 80053 Castellammare di Stabia (NA)",081 8712489,naic8dh002@istruzione.it,sì,https://ic2panzinicastellammare.edu.it,60,12.2,21
NAAA8DH042,infanzia statale,Via Monaciello,IC 2 Panzini,Castellammare di Stabia,NA,"Via Monaciello 3, 80053 Castellammare di Stabia (NA)",081 8703825,naic8dh002@istruzione.it,sì,https://ic2panzinicastellammare.edu.it,60,12.2,21
NAAA8DH031,infanzia statale,Via Quisisana,IC 2 Panzini,Castellammare di Stabia,NA,"Via Quisisana, 80053 Castellammare di Stabia (NA)",081 8712603,naic8dh002@istruzione.it,sì,https://ic2panzinicastellammare.edu.it,45,12.2,21
NAEE8DH014,primaria statale,Piazza Giovanni XXIII,IC 2 Panzini,Castellammare di Stabia,NA,"Piazza Giovanni XXIII 30, 80053 Castellammare di Stabia (NA)",081 8712489,naic8dh002@istruzione.it,sì,https://ic2panzinicastellammare.edu.it,125,12.2,21
NAEE8DH047,primaria statale,Via Monaciello,IC 2 Panzini,Castellammare di Stabia,NA,"Via Monaciello 1, 80053 Castellammare di Stabia (NA)",081 8705626,naic8dh002@istruzione.it,sì,https://ic2panzinicastellammare.edu.it,89,12.2,21
NAEE8DH036,primaria statale,Via Quisisana,IC 2 Panzini,Castellammare di Stabia,NA,"Via Quisisana 1, 80053 Castellammare di Stabia (NA)",081 8712603,naic8dh002@istruzione.it,sì,https://ic2panzinicastellammare.edu.it,83,12.2,21
NAAA8DJ047,infanzia statale,Traversa Lattaro,IC 5 Karol Wojtyla,Castellammare di Stabia,NA,"Traversa Lattaro 34, 80053 Castellammare di Stabia (NA)",081 8743049,naic8dj007@istruzione.it,sì,,30,12.2,21
NAAA8DJ025,infanzia statale,Traversa Tavernola,IC 5 Karol Wojtyla,Castellammare di Stabia,NA,"Traversa Tavernola, 80053 Castellammare di Stabia (NA)",081 8715996,naic8dj007@istruzione.it,sì,,30,12.2,21
NAAA8DJ036,infanzia statale,Via Cottrau,IC 5 Karol Wojtyla,Castellammare di Stabia,NA,"Via Cottrau 9, 80053 Castellammare di Stabia (NA)",081 8706374,naic8dj007@istruzione.it,sì,,53,12.2,21
NAAA8DJ014,infanzia statale,Via Venezia,IC 5 Karol Wojtyla,Castellammare di Stabia,NA,"Via Venezia 1, 80053 Castellammare di Stabia (NA)",081 8725799,naic8dj007@istruzione.it,sì,,54,12.2,21
NAEE8DJ019,primaria statale,Traversa Tavernola,IC 5 Karol Wojtyla,Castellammare di Stabia,NA,"Traversa Tavernola, 80053 Castellammare di Stabia (NA)",081 8018636,naic8dj007@istruzione.it,sì,,104,12.2,21
NAEE8DJ03B,primaria statale,Via Cottrau,IC 5 Karol Wojtyla,Castellammare di Stabia,NA,"Via Cottrau 9, 80053 Castellammare di Stabia (NA)",081 8706374,naic8dj007@istruzione.it,sì,,77,12.2,21
NAEE8DJ02A,primaria statale,Via Napoli,IC 5 Karol Wojtyla,Castellammare di Stabia,NA,"Via Napoli 277, 80053 Castellammare di Stabia (NA)",081 8715279,naic8dj007@istruzione.it,sì,,140,12.2,21
NAAA847024,infanzia statale,Annunziatella,IC Denza,Castellammare di Stabia,NA,"Traversa Annunziatella, 80053 Castellammare di Stabia (NA)",081 8714411,naic847006@istruzione.it,sì,https://www.icdenza.edu.it,155,12.2,21
NAAA847013,infanzia statale,Via Ponte della Persica,IC Denza,Castellammare di Stabia,NA,"Via Ponte della Persica 18, 80053 Castellammare di Stabia (NA)",081 8703101,naic847006@istruzione.it,sì,https://www.icdenza.edu.it,86,12.2,21
NAEE847029,primaria statale,Annunziatella,IC Denza,Castellammare di Stabia,NA,"Via Annunziatella 101, 80053 Castellammare di Stabia (NA)",081 8714411,naic847006@istruzione.it,sì,https://www.icdenza.edu.it,291,12.2,21
NAEE847018,primaria statale,Fondo d'Orto,IC Denza,Castellammare di Stabia,NA,"Traversa Fondo d'Orto, 80053 Castellammare di Stabia (NA)",081 8710091,naic847006@istruzione.it,sì,https://www.icdenza.edu.it,241,12.2,21
NAAA8AH013,infanzia statale,Tavernola,IC Di Capua,Castellammare di Stabia,NA,"Via P. Carrese, 80053 Castellammare di Stabia (NA)",081 8703648,naic8ah006@istruzione.it,sì,https://www.icfdicapua.edu.it,210,12.2,21
NAEE8AH018,primaria statale,Via Napoli,IC Di Capua,Castellammare di Stabia,NA,"Via Napoli 84, 80053 Castellammare di Stabia (NA)",081 8712070,naic8ah006@istruzione.it,sì,https://www.icfdicapua.edu.it,493,12.2,21
NAAA8HE02V,infanzia statale,Capoluogo,IC San Marco-Bonito-Cosenza,Castellammare di Stabia,NA,"Via Cicerone 16, 80053 Castellammare di Stabia (NA)",081 8716601,naic8he001@istruzione.it,sì,,100,12.2,21
NAAA8HE01T,infanzia statale,Don Ciro Donnarumma,IC San Marco-Bonito-Cosenza,Castellammare di Stabia,NA,"Via Martucci, 80053 Castellammare di Stabia (NA)",081 3901139,naic8he001@istruzione.it,sì,,52,12.2,21
NAAA8HE03X,infanzia statale,Rami d'Ulivo,IC San Marco-Bonito-Cosenza,Castellammare di Stabia,NA,"Via Rami d'Ulivo, 80053 Castellammare di Stabia (NA)",081 8726560,naic8he001@istruzione.it,sì,https://www.icsanmarcobonitocosenza.edu.it,30,12.2,21
NAEE8HE024,primaria statale,San Giovanni Bosco,IC San Marco-Bonito-Cosenza,Castellammare di Stabia,NA,"Via Bracco, 80053 Castellammare di Stabia (NA)",081 8710695,naic8he001@istruzione.it,sì,,81,12.2,21
NAEE8HE013,primaria statale,San Marco,IC San Marco-Bonito-Cosenza,Castellammare di Stabia,NA,"Via Cicerone 16, 80053 Castellammare di Stabia (NA)",081 8716601,naic8he001@istruzione.it,sì,,313,12.2,21
NA1A438009,infanzia paritaria,Carducci,,Castellammare di Stabia,NA,"Viale Dante 4, 80053 Castellammare di Stabia (NA)",081 8711735,maria.pepe@comunestabia.it,no: indirizzo personale,,96,12.2,21
NA1A73500C,infanzia paritaria,Gli Occhi dei Bambini,,Castellammare di Stabia,NA,"Via Calcarella 1, 80053 Castellammare di Stabia (NA)",081 8701335,gliocchideibambini@gmail.com,sì,,78,12.2,21
NA1A392005,infanzia paritaria,Istituto Giovanna De Felice,,Castellammare di Stabia,NA,"Via Napoli 253, 80053 Castellammare di Stabia (NA)",081 8717297,,no: manca,,32,12.2,21
NA1A18400C,infanzia paritaria,Maria Madre del Carmelo,,Castellammare di Stabia,NA,"Via Ciceronetraversa Orazio 10, 80053 Castellammare di Stabia (NA)",081 8712959,suore_carmelitane@libero.it,sì,,70,12.2,21
NA1A18300L,infanzia paritaria,Rosa dell'Amore,,Castellammare di Stabia,NA,"Via Paride del Pozzo 17, 80053 Castellammare di Stabia (NA)",081 8703111,filpic@libero.it,no: indirizzo personale,https://rosadellamore.weebly.com,46,12.2,21
NA1A55000R,infanzia paritaria,Sacri Cuori,,Castellammare di Stabia,NA,"Via Principe Amedeo 6, 80053 Castellammare di Stabia (NA)",081 8713780,info@alfaforma.it,sì,,27,12.2,21
NA1A67200E,infanzia paritaria,Santa Rita,,Castellammare di Stabia,NA,"Via Denza 36, 80053 Castellammare di Stabia (NA)",081 8717627,scuolasantarita@gmail.com,sì,,36,12.2,21
NA1A185008,infanzia paritaria,Suor Maria Maddalena Starace,,Castellammare di Stabia,NA,"Via Santa Croce 40, 80053 Castellammare di Stabia (NA)",081 8715133,scuolamstarace@alice.it,sì,,58,12.2,21
NA1A55100L,infanzia paritaria,Tangram,,Castellammare di Stabia,NA,"Via Grotta San Biagio 44/c, 80053 Castellammare di Stabia (NA)",081 8721305,scuolatangram@teletu.it,sì,,33,12.2,21
NA1E151003,primaria paritaria,Suor Maria Maddalena Starace,,Castellammare di Stabia,NA,"Via Santa Croce 40, 80053 Castellammare di Stabia (NA)",081 8715133,scuolamstarace@alice.it,sì,,105,12.2,21
NA1E044003,primaria paritaria,Suore Carmelitane,,Castellammare di Stabia,NA,"Via Cicerone Traversa Orazio 10, 80053 Castellammare di Stabia (NA)",081 8712959,suore_carmelitane@libero.it,sì,,187,12.2,21
AVAA84604G,infanzia statale,Ugo Foscolo,Omnicomprensivo Croce-Nobile-Amundsen,Quindici,AV,"Via San Sebastiano 69, 83020 Quindici (AV)",081 5102123,avic84600g@istruzione.it,sì,https://www.icbenedettocrocelauro.edu.it,28,12.2,32
AVEE84603Q,primaria statale,Ugo Foscolo,Omnicomprensivo Croce-Nobile-Amundsen,Quindici,AV,"Via San Sebastiano, 83020 Quindici (AV)",081 5102123,avic84600g@istruzione.it,sì,https://www.icbenedettocrocelauro.edu.it,59,12.2,32
AVAA84601C,infanzia statale,Via Remondini,Omnicomprensivo Croce-Nobile-Amundsen,Lauro,AV,"Via Remondini, 83023 Lauro (AV)",0081 3762698,avic84600g@istruzione.it,sì,https://www.icbenedettocrocelauro.edu.it,38,12.3,28
AVEE84601N,primaria statale,Via Principe Amedeo,Omnicomprensivo Croce-Nobile-Amundsen,Lauro,AV,"Via Principe Amedeo, 83023 Lauro (AV)",081 8240694,avic84600g@istruzione.it,sì,https://www.icbenedettocrocelauro.edu.it,154,12.3,28
AV1A7I500C,infanzia paritaria,Il Mondo che Vorrei Baby,,Lauro,AV,"Via Vittime di Bologna, 83023 Lauro (AV)",081 8249558,ilmondochevorreibaby@libero.it,sì,,63,12.3,28
AV1A061004,infanzia paritaria,Peter Pan,,Lauro,AV,"Via F.A. Casoria, 83023 Lauro (AV)",081 8240323,scuinfpeterpan@libero.it,sì,,35,12.3,28
NAAA80305D,infanzia statale,Capoluogo,IC Padre Arturo D'Onofrio,Liveri,NA,"Via Cesare Soprano 54, 80030 Liveri (NA)",081 8255497,naic80300c@istruzione.it,sì,,19,12.3,22
NAEE80306Q,primaria statale,Capoluogo,IC Padre Arturo D'Onofrio,Liveri,NA,"Via Cesare Soprano 64, 80030 Liveri (NA)",081 8255130,naic80300c@istruzione.it,sì,,17,12.3,22
NAAA8H9037,infanzia statale,Capocaccia,IC Ciccone,Saviano,NA,"Via Cimitero, 80039 Saviano (NA)",081 5110340,naic8h9008@istruzione.it,sì,,56,12.3,21
NAAA8H9048,infanzia statale,Fressuriello,IC Ciccone,Saviano,NA,"Via Fressuriello, 80039 Saviano (NA)",081 5110346,naic8h9008@istruzione.it,sì,,30,12.3,21
NAAA8H9059,infanzia statale,Sant'Erasmo,IC Ciccone,Saviano,NA,"Via Miccoli, 80039 Saviano (NA)",081 5110321,naic8h9008@istruzione.it,sì,,61,12.3,21
NAAA8H9026,infanzia statale,Via degli Orti,IC Ciccone,Saviano,NA,"Via degli Orti, 80039 Saviano (NA)",081 5113314,naic8h9008@istruzione.it,sì,,92,12.3,21
NAEE8H902B,primaria statale,Capocaccia,IC Ciccone,Saviano,NA,"Via Cimitero, 80039 Saviano (NA)",081 5110340,naic8h9008@istruzione.it,sì,,95,12.3,21
NAEE8H901A,primaria statale,Capoluogo,IC Ciccone,Saviano,NA,"Via Roma 37, 80039 Saviano (NA)",081 8202254,naic8h9008@istruzione.it,sì,,305,12.3,21
NAEE8H903C,primaria statale,Fressuriello,IC Ciccone,Saviano,NA,"Via Fressuriello, 80039 Saviano (NA)",081 5110346,naic8h9008@istruzione.it,sì,,73,12.3,21
NAEE8H904D,primaria statale,Sant'Erasmo,IC Ciccone,Saviano,NA,"Via Miccoli, 80039 Saviano (NA)",081 5110321,naic8h9008@istruzione.it,sì,,145,12.3,21
NA1AM4500O,infanzia paritaria,Educrea,,Saviano,NA,"Via Giancora 26, 80036 Saviano (NA)",377 308 5474,educrea_infanzia@gmail.com,sì,,39,12.3,21
NA1ATU5009,infanzia paritaria,Il Mondo dei Bimbi,,Saviano,NA,"Via Torre 66, 80039 Saviano (NA)",324 082 3810,ilmondodeibimbi2014@libero.it,sì,,21,12.3,21
NA1A716003,infanzia paritaria,La Nuova Ghirigori,,Saviano,NA,"Corso Italia 58, 80039 Saviano (NA)",081 19175641,antonella.catapano01@gmail.com,no: indirizzo personale,,29,12.3,21
NA1A10300Q,infanzia paritaria,La Sirenetta,,Saviano,NA,"Via Tommasoni, 80039 Saviano (NA)",081 5123941,,no: manca,,,12.3,21
AVAA84606N,infanzia statale,Via Cavalier Ferrante,Omnicomprensivo Croce-Nobile-Amundsen,Marzano di Nola,AV,"Via Cavalier Ferrante, 83020 Marzano di Nola (AV)",081 8255914,avic84600g@istruzione.it,sì,https://www.icbenedettocrocelauro.edu.it,24,12.5,24
AVEE84605T,primaria statale,Nicola Pecorelli,Omnicomprensivo Croce-Nobile-Amundsen,Marzano di Nola,AV,"Via Cavalier Ferrante, 83020 Marzano di Nola (AV)",081 8255914,avic84600g@istruzione.it,sì,https://www.icbenedettocrocelauro.edu.it,53,12.5,24
AVAA84607P,infanzia statale,Nicola Pecorelli,Omnicomprensivo Croce-Nobile-Amundsen,Pago del Vallo di Lauro,AV,83020 Pago del Vallo di Lauro (AV),081 8250205,avic84600g@istruzione.it,sì,https://www.icbenedettocrocelauro.edu.it,23,12.8,26
AVEE84607X,primaria statale,Nicola Pecorelli,Omnicomprensivo Croce-Nobile-Amundsen,Pago del Vallo di Lauro,AV,"Via Piave 10, 83020 Pago del Vallo di Lauro (AV)",081 8250205,avic84600g@istruzione.it,sì,https://www.icbenedettocrocelauro.edu.it,46,12.8,26
AVAA84602D,infanzia statale,M. Carfi,Omnicomprensivo Croce-Nobile-Amundsen,Taurano,AV,"Via Bellini, 83020 Taurano (AV)",081 8249733,avic84600g@istruzione.it,sì,https://www.icbenedettocrocelauro.edu.it,20,12.9,29
AVEE84602P,primaria statale,Via Umberto Nobile,Omnicomprensivo Croce-Nobile-Amundsen,Taurano,AV,"Via U. Nobile, 83020 Taurano (AV)",081 8240645,avic84600g@istruzione.it,sì,https://www.icbenedettocrocelauro.edu.it,51,12.9,29
NAAA80304C,infanzia statale,Via Caracciolo,IC Padre Arturo D'Onofrio,San Paolo Bel Sito,NA,"Via Caracciolo 1, 80030 San Paolo Bel Sito (NA)",081 5105603,naic80300c@istruzione.it,sì,,44,13.1,20
NAEE80305P,primaria statale,Capoluogo,IC Padre Arturo D'Onofrio,San Paolo Bel Sito,NA,"Via Tiglio, 80030 San Paolo Bel Sito (NA)",081 8295662,naic80300c@istruzione.it,sì,,103,13.1,20
NAAA8AL03A,infanzia statale,Liguori,IC 1 Tenente De Rosa,Sant'Anastasia,NA,"Via San Giuseppe 8, 80048 Sant'Anastasia (NA)",081 8983057,naic8al00b@istruzione.it,sì,https://www.primoicsantanastasia.edu.it,47,13.2,23
NAAA8AL029,infanzia statale,Strettola,IC 1 Tenente De Rosa,Sant'Anastasia,NA,"Via San Michele Arcangelo 5, 80048 Sant'Anastasia (NA)",081 8930701,naic8al00b@istruzione.it,sì,,109,13.2,23
NAEE8AL02E,primaria statale,Corso Umberto,IC 1 Tenente De Rosa,Sant'Anastasia,NA,"Via Umberto 1 11, 80048 Sant'Anastasia (NA)",081 8930701,naic8al00b@istruzione.it,sì,https://www.primoicsantanastasia.edu.it,252,13.2,23
NAEE8AL03G,primaria statale,Via Sodani,IC 1 Tenente De Rosa,Sant'Anastasia,NA,"Via Sodani, 80048 Sant'Anastasia (NA)",081 8983057,naic8al00b@istruzione.it,sì,https://www.primoicsantanastasia.edu.it,84,13.2,23
NAAA8AK02D,infanzia statale,Boschetti,IC 2 Leonardo da Vinci,Sant'Anastasia,NA,"Via Romani, 80048 Sant'Anastasia (NA)",081 8930716,naic8ak00g@istruzione.it,sì,https://www.icldavinci.edu.it,122,13.2,23
NAAA8AK03E,infanzia statale,Morante,IC 2 Leonardo da Vinci,Sant'Anastasia,NA,"Via Romano Zona 167, 80048 Sant'Anastasia (NA)",081 8930716,naic8ak00g@istruzione.it,sì,https://www.icldavinci.edu.it,64,13.2,23
NAEE8AK02P,primaria statale,Boschetti,IC 2 Leonardo da Vinci,Sant'Anastasia,NA,80048 Sant'Anastasia (NA),081 8930726,naic8ak00g@istruzione.it,sì,https://www.icldavinci.edu.it,306,13.2,23
NAEE8AK03Q,primaria statale,Santa Caterina,IC 2 Leonardo da Vinci,Sant'Anastasia,NA,80048 Sant'Anastasia (NA),081 89307278,naic8ak00g@istruzione.it,sì,https://www.icldavinci.edu.it,68,13.2,23
NAAA8GU01B,infanzia statale,Portali,IC D'Assisi,Sant'Anastasia,NA,"Vico Portali, 80048 Sant'Anastasia (NA)",081 8982887,naic8gu00e@istruzione.it,sì,,114,13.2,23
NAAA8GU04E,infanzia statale,Starza,IC D'Assisi,Sant'Anastasia,NA,"Via Starza Vecchia, 80048 Sant'Anastasia (NA)",081 5309925,naic8gu00e@istruzione.it,sì,,92,13.2,23
NAEE8GU01L,primaria statale,Portali,IC D'Assisi,Sant'Anastasia,NA,"Vico Portali, 80048 Sant'Anastasia (NA)",081 8930747,naic8gu00e@istruzione.it,sì,,274,13.2,23
NAEE8GU03P,primaria statale,Via Rosanea,IC D'Assisi,Sant'Anastasia,NA,"Via Rosanea 29, 80048 Sant'Anastasia (NA)",081 5309224,naic8gu00e@istruzione.it,sì,https://www.icdassisinicolaamore.edu.it,391,13.2,23
NA1A654001,infanzia paritaria,La Prima Stella,,Sant'Anastasia,NA,"Via Casaliciello 5, 80048 Sant'Anastasia (NA)",081 8993001,laprimestella1984@libero.it,sì,,32,13.2,23
NA1A369004,infanzia paritaria,Santa Caterina da Siena,,Sant'Anastasia,NA,"Via Sodani 15, 80048 Sant'Anastasia (NA)",081 8972801,scuola.caterina@alice.it,sì,,92,13.2,23
NA1E25700V,primaria paritaria,La Prima Stella,,Sant'Anastasia,NA,"Via Casaliciello 5, 80048 Sant'Anastasia (NA)",,laprimestella1984@libero.it,sì,,66,13.2,23
NA1E030005,primaria paritaria,San Raffaele,,Sant'Anastasia,NA,"Via Sodani 15, 80048 Sant'Anastasia (NA)",081 9221574,scuola.caterina@alice.it,sì,,40,13.2,23
SAAA8B8014,infanzia statale,Croce Malloni,IC Fresa-Pascoli,Nocera Superiore,SA,"Via Croce Malloni, 84015 Nocera Superiore (SA)",081 934378,saic8b8007@istruzione.it,sì,https://www.fresapascoli.edu.it,94,13.3,20
SAAA8B8025,infanzia statale,Pecorari,IC Fresa-Pascoli,Nocera Superiore,SA,"Via Pecorari, 84015 Nocera Superiore (SA)",081 5142652,saic8b8007@istruzione.it,sì,https://www.fresapascoli.edu.it,88,13.3,20
SAEE8B8019,primaria statale,Croce Malloni,IC Fresa-Pascoli,Nocera Superiore,SA,"Via Croce Malloni, 84015 Nocera Superiore (SA)",081 934378,saic8b8007@istruzione.it,sì,https://www.fresapascoli.edu.it,187,13.3,20
SAEE8B802A,primaria statale,Pecorari,IC Fresa-Pascoli,Nocera Superiore,SA,"Via Pecorari, 84015 Nocera Superiore (SA)",081 5142476,saic8b8007@istruzione.it,sì,https://www.fresapascoli.edu.it,156,13.3,20
SAAA8CK02R,infanzia statale,Iqbal Masih,IC Nuceria,Nocera Superiore,SA,"Via Risorgimento, 84015 Nocera Superiore (SA)",081 934357,saic8ck00v@istruzione.it,sì,https://www.icnuceria.edu.it,60,13.3,20
SAAA8CK03T,infanzia statale,Luigi Settembrini,IC Nuceria,Nocera Superiore,SA,"Via San Clemente 9, 84015 Nocera Superiore (SA)",081 931189,saic8ck00v@istruzione.it,sì,https://www.icnuceria.edu.it,118,13.3,20
SAAA8CK01Q,infanzia statale,Suor Maria Consiglio Addatis,IC Nuceria,Nocera Superiore,SA,"Via Alfaterna, 84015 Nocera Superiore (SA)",081 931189,saic8ck00v@istruzione.it,sì,https://www.icnuceria.edu.it,68,13.3,20
SAEE8CK022,primaria statale,Iqbal Masih,IC Nuceria,Nocera Superiore,SA,"Via Risorgimento 20, 84015 Nocera Superiore (SA)",081 934357,saic8ck00v@istruzione.it,sì,https://www.icnuceria.edu.it,130,13.3,20
SAEE8CK011,primaria statale,Luigi Settembrini,IC Nuceria,Nocera Superiore,SA,"Via San Clemente 9, 84015 Nocera Superiore (SA)",081 931189,saic8ck00v@istruzione.it,sì,https://www.icnuceria.edu.it,240,13.3,20
SAEE8CK033,primaria statale,Suor Maria Consiglio Addatis,IC Nuceria,Nocera Superiore,SA,"Via Alfaterna 2, 84014 Nocera Superiore (SA)",081 935821,saic8ck00v@istruzione.it,sì,https://www.icnuceria.edu.it,139,13.3,20
SA1A9O5001,infanzia paritaria,L'Allegra Tribù,,Nocera Superiore,SA,"Via del Santuario 1/3, 84015 Nocera Superiore (SA)",081 19172549,fernandalfano@libero.it,no: indirizzo personale,,19,13.3,20
SAAA89801A,infanzia statale,Capoluogo,IC Siano-Bracigliano,Siano,SA,"Via Zambrano, 84088 Siano (SA)",081 5183446,saic89800d@istruzione.it,sì,https://www.icsianobracigliano.edu.it,61,13.4,29
SAAA89802B,infanzia statale,Via Botta,IC Siano-Bracigliano,Siano,SA,"Via Botta, 84088 Siano (SA)",081 5181724,saic89800d@istruzione.it,sì,https://www.icsianobracigliano.edu.it,96,13.4,29
SAEE89801G,primaria statale,Capoluogo,IC Siano-Bracigliano,Siano,SA,"Piazza A. Moro, 84088 Siano (SA)",081 5181021,saic89800d@istruzione.it,sì,http://www.istitutocomprensivosiano.edu.it,361,13.4,29
SA1A154003,infanzia paritaria,Giardino d'Infanzia,,Siano,SA,"Via Zambrano 184, 84088 Siano (SA)",333 609 8812,giardinodinfanzia.pa@libero.it,sì,https://www.giardinodinfanzia.eu,36,13.4,29
SA1A9R5004,infanzia paritaria,Il Villaggio dei Puffi,,Siano,SA,"Vicolo Corrida 18, 84088 Siano (SA)",328 195 1335,ilvillaggiodei.puffi@libero.it,sì,,30,13.4,29
AVAA84603E,infanzia statale,Arpaia,Omnicomprensivo Croce-Nobile-Amundsen,Moschiano,AV,"Via U. Nobile 107, 83020 Moschiano (AV)",081 8245757,avic84600g@istruzione.it,sì,https://www.icbenedettocrocelauro.edu.it,28,13.7,32
AVEE84604R,primaria statale,Arpaia,Omnicomprensivo Croce-Nobile-Amundsen,Moschiano,AV,"Via U. Nobile 107, 83020 Moschiano (AV)",081 8245757,avic84600g@istruzione.it,sì,https://www.icbenedettocrocelauro.edu.it,50,13.7,32
NAAA8BC03L,infanzia statale,Ciccone,IC Bruno-Fiore-Sanseverino,Nola,NA,"Via Ciccone 11, 80035 Nola (NA)",081 8234612,naic8bc00n@istruzione.it,sì,,54,13.8,21
NAAA8BC01E,infanzia statale,Mario Fiore,IC Bruno-Fiore-Sanseverino,Nola,NA,"Via M. Fiore, 80035 Nola (NA)",081 8231301,naic8bc00n@istruzione.it,sì,,34,13.8,21
NAAA8BC02G,infanzia statale,Via Variante,IC Bruno-Fiore-Sanseverino,Nola,NA,"Via Variante 7 bis, 80035 Nola (NA)",081 5126378,naic8bc00n@istruzione.it,sì,,34,13.8,21
NAEE8BC03T,primaria statale,Cerchio d'Oro,IC Bruno-Fiore-Sanseverino,Nola,NA,"Via Nuovo Forio Boario, 80035 Nola (NA)",081 5123840,naic8bc00n@istruzione.it,sì,,156,13.8,21
NAEE8BC02R,primaria statale,Ciccone,IC Bruno-Fiore-Sanseverino,Nola,NA,"Via Ciccone 11, 80035 Nola (NA)",081 8234612,naic8bc00n@istruzione.it,sì,,301,13.8,21
NAEE8BC01Q,primaria statale,Mario Fiore,IC Bruno-Fiore-Sanseverino,Nola,NA,"Via Mario Fiore, 80035 Nola (NA)",081 8210088,naic8bc00n@istruzione.it,sì,,123,13.8,21
NAAA8AP04A,infanzia statale,Verdischi,IC Mameli,Nola,NA,"Via Nola SA. Gennaro, 80037 Nola (NA)",081 8203503,naic8ap00v@istruzione.it,sì,https://www.icsmameli.edu.it,41,13.8,21
NAAA8AP028,infanzia statale,Via Vetrai,IC Mameli,Nola,NA,"Via Vetrai, 80035 Nola (NA)",081 5115408,naic8ap00v@istruzione.it,sì,https://www.icsmameli.edu.it,55,13.8,21
NAAA8AP039,infanzia statale,Villa Albertini,IC Mameli,Nola,NA,"Villa Albertini, 80035 Nola (NA)",081 5115169,naic8ap00v@istruzione.it,sì,https://www.icsmameli.edu.it,61,13.8,21
NAEE8AP04G,primaria statale,Caselle,IC Mameli,Nola,NA,"Via Nola Castellammare, 80035 Nola (NA)",081 8291507,naic8ap00v@istruzione.it,sì,https://www.icsmameli.edu.it,102,13.8,21
NAEE8AP05L,primaria statale,Cinquevie,IC Mameli,Nola,NA,"Via Cinquevie, 80035 Nola (NA)",081 5115594,naic8ap00v@istruzione.it,sì,https://www.icsmameli.edu.it,113,13.8,21
NAEE8AP03E,primaria statale,Via degli Albertini,IC Mameli,Nola,NA,"Via degli Albertini, 80035 Nola (NA)",081 5115386,naic8ap00v@istruzione.it,sì,https://www.icsmameli.edu.it,228,13.8,21
NAAA8HC016,infanzia statale,Edificio Lello De Mita,IC Merliano-Tansillo-Vitale,Nola,NA,80035 Nola (NA),081 2131556,naic8hc009@istruzione.it,sì,https://www.icmerliano-tansillo-vitale.edu.it,42,13.8,21
NAAA8HC027,infanzia statale,Tommaso Vitale,IC Merliano-Tansillo-Vitale,Nola,NA,"Via M. delle Grazie, 80035 Nola (NA)",081 2131556,naic8hc009@istruzione.it,sì,https://www.icmerliano-tansillo-vitale.edu.it,108,13.8,21
NAEE8HC01B,primaria statale,Tommaso Vitale,IC Merliano-Tansillo-Vitale,Nola,NA,"Via Madonna delle Grazie, 80035 Nola (NA)",081 8231347,naic8hc009@istruzione.it,sì,https://www.icmerliano-tansillo-vitale.edu.it,557,13.8,21
NA1AOO500F,infanzia paritaria,Al Castello Academy,,Nola,NA,"Via S. Massimo 301, 80035 Nola (NA)",081 19187343,mieleantonella.1@gmail.com,no: indirizzo personale,,,13.8,21
NA1A16100Q,infanzia paritaria,Bimboscuola,,Nola,NA,"Via dei Mille 50, 80035 Nola (NA)",081 8214177,bimbo.scuola@virgilio.it,sì,,42,13.8,21
NA1A3V5002,infanzia paritaria,Il Giardino dei Piccoli,,Nola,NA,"Via dei Cipressi 11, 80035 Nola (NA)",328 531 5064,ilgiardinodeipiccolisrl@gmail.com,sì,,49,13.8,21
NA1A47900G,infanzia paritaria,La Pantera Rosa,,Nola,NA,"Via Nazionale delle Puglie 95, 80035 Nola (NA)",081 82332219,panterarosanola@gmail.com,sì,http://scuolapanterarosa.it,51,13.8,21
NA1A00300V,infanzia paritaria,Margherita Remotti,,Nola,NA,"Via Mons. Amilcare Boccio 54, 80035 Nola (NA)",081 18373519,remotti@hotmail.it,sì,http://www.scuolaremotti.it,70,13.8,21
NA1A16200G,infanzia paritaria,Religiose Francescane di Sant'Antonio,,Nola,NA,"Via Parrocchian.142 Piazzolla di Nola, 80035 Nola (NA)",081 8291382,con_francescane_ant@libero.it,sì,,88,13.8,21
NA1A16800E,infanzia paritaria,Santa Chiara - Angeli Custodi,,Nola,NA,"Via Santa Chiara 27, 80035 Nola (NA)",081 5127192,istitutosantachiara@libero.it,sì,,45,13.8,21
NA1A7T500U,infanzia paritaria,Voler Volare,,Nola,NA,"Via degli Albertini Nn. 46/48, 80035 Nola (NA)",,speranza.forte60@gmail.com,no: indirizzo personale,,,13.8,21
NA1A02100C,infanzia paritaria,Walt Disney,,Nola,NA,"Viale Garibaldi 2, 80035 Nola (NA)",334 536 2134,marco.ribecco@grafiction.biz,no: indirizzo personale,,66,13.8,21
NA1E955002,primaria paritaria,All'Avventura con Tizi,,Nola,NA,"Via On. F. Napolitano 165-167, 80035 Nola (NA)",081 19802366,allavventuracontizi@libero.it,sì,https://www.allavventuracontizi.it,,13.8,21
NA1E04100G,primaria paritaria,Margherita Remotti,,Nola,NA,"Via A. Boccio 54, 80035 Nola (NA)",081 18373519,remotti@hotmail.it,sì,http://www.scuolaremotti.it,275,13.8,21
NA1E02500N,primaria paritaria,Santa Chiara,,Nola,NA,"Via Santa Chiara 28, 80035 Nola (NA)",081 5127192,santachiaranola@gmail.com,sì,,133,13.8,21
NAAA8FQ025,infanzia statale,Frascatoli,IC Omodeo-Beethoven,Scisciano,NA,"Via Frascatoli, 80030 Scisciano (NA)",081 8441333,naic8fq007@istruzione.it,sì,https://www.icsciscianosanvitaliano.edu.it,129,13.8,24
NAEE8FQ03B,primaria statale,Palazzuolo,IC Omodeo-Beethoven,Scisciano,NA,"Via Palazzuolo, 80030 Scisciano (NA)",081 5198997,naic8fq007@istruzione.it,sì,https://www.icsciscianosanvitaliano.edu.it,86,13.8,24
NAEE8FQ02A,primaria statale,Via Borzillo,IC Omodeo-Beethoven,Scisciano,NA,"Via S. Borzillo, 80030 Scisciano (NA)",081 5198997,naic8fq007@istruzione.it,sì,https://www.icsciscianosanvitaliano.edu.it,245,13.8,24
NA1A023004,infanzia paritaria,Babylandia,,Scisciano,NA,"Via Palazzuolo 19, 80030 Scisciano (NA)",081 8442081,smp.babylandia@virgilio.it,sì,,61,13.8,24
NA1A3H500F,infanzia paritaria,Job Road Academy,,Scisciano,NA,"Via Spartimento, 80030 Scisciano (NA)",331 503 3657,jroadacademy@gmail.com,sì,http://www.jroadacademy.com,19,13.8,24
NAAA8CL015,infanzia statale,Mazza,IC 1 Mazza-Colamarino,Torre del Greco,NA,"Via Veneto 34, 80059 Torre del Greco (NA)",081 8811261,naic8cl008@istruzione.it,sì,https://www.mazzacolamarino.edu.it,184,13.8,23
NAEE8CL01A,primaria statale,Mazza,IC 1 Mazza-Colamarino,Torre del Greco,NA,"Via V. Veneto 34, 80059 Torre del Greco (NA)",081 8811261,naic8cl008@istruzione.it,sì,https://www.mazzacolamarino.edu.it,355,13.8,23
NAAA8C4022,infanzia statale,D'Assisi,IC 3 Don Bosco-D'Assisi,Torre del Greco,NA,"Viale Campania 1, 80059 Torre del Greco (NA)",081 8496900,naic8c4004@istruzione.it,sì,https://www.icdonboscodassisi.edu.it,72,13.8,23
NAAA8C4033,infanzia statale,Via Venezia,IC 3 Don Bosco-D'Assisi,Torre del Greco,NA,"Via Venezia, 80059 Torre del Greco (NA)",081 8811321,naic8c4004@istruzione.it,sì,https://www.icdonboscodassisi.edu.it,107,13.8,23
NAEE8C4027,primaria statale,D'Assisi,IC 3 Don Bosco-D'Assisi,Torre del Greco,NA,"Viale Campania 1, 80059 Torre del Greco (NA)",081 8811321,naic8c4004@istruzione.it,sì,https://www.icdonboscodassisi.edu.it,149,13.8,23
NAEE8C4016,primaria statale,Don Bosco,IC 3 Don Bosco-D'Assisi,Torre del Greco,NA,"Via Venezia, 80059 Torre del Greco (NA)",081 8811321,naic8c4004@istruzione.it,sì,https://www.icdonboscodassisi.edu.it,223,13.8,23
NAAA8BM01A,infanzia statale,Camaldoli - Palloncino,IC Angioletti,Torre del Greco,NA,"Via Giovanni XXIII 22, 80059 Torre del Greco (NA)",081 8834623,naic8bm00d@istruzione.it,sì,https://www.angiolettionline.it,122,13.8,23
NAEE8BM01G,primaria statale,Camaldoli,IC Angioletti,Torre del Greco,NA,"Via Chiazzolelle 1, 80059 Torre del Greco (NA)",081 8831111,naic8bm00d@istruzione.it,sì,https://www.icangioletti.edu.it,204,13.8,23
NAEE8BM02L,primaria statale,Padri Redentoristi,IC Angioletti,Torre del Greco,NA,"Via Giovanni XXIII 22, 80059 Torre del Greco (NA)",081 8834623,naic8bm00d@istruzione.it,sì,https://www.icangioletti.edu.it,100,13.8,23
NAEE8BM03N,primaria statale,T. Minniti,IC Angioletti,Torre del Greco,NA,"Via Nazionale 556, 80059 Torre del Greco (NA)",081 8835784,naic8bm00d@istruzione.it,sì,https://www.icangioletti.edu.it,120,13.8,23
NAAA8CS019,infanzia statale,Sasso,IC De Nicola-Sasso,Torre del Greco,NA,"Via Mons. M. Sasso, 80059 Torre del Greco (NA)",081 8829352,naic8cs00c@istruzione.it,sì,https://www.icsdenicolasasso.edu.it,142,13.8,23
NAEE8CS02G,primaria statale,De Nicola,IC De Nicola-Sasso,Torre del Greco,NA,"Corso Vittorio Emanuele 77, 80059 Torre del Greco (NA)",081 8826500,naic8cs00c@istruzione.it,sì,https://www.icsdenicolasasso.edu.it,375,13.8,23
NAEE8CS01E,primaria statale,Sasso,IC De Nicola-Sasso,Torre del Greco,NA,"Via Mons. M. Sasso, 80059 Torre del Greco (NA)",081 8829352,naic8cs00c@istruzione.it,sì,https://www.icsdenicolasasso.edu.it,163,13.8,23
NAAA8H3027,infanzia statale,Don Lorenzo Milani,IC Don Milani-Leopardi,Torre del Greco,NA,"Via Montedoro 43, 80059 Torre del Greco (NA)",081 8815764,naic8h3009@istruzione.it,sì,,83,13.8,23
NAAA8H3038,infanzia statale,Montessori,IC Don Milani-Leopardi,Torre del Greco,NA,"Via Scappi 4, 80059 Torre del Greco (NA)",081 8827043,naic8h3009@istruzione.it,sì,,36,13.8,23
NAAA8H3016,infanzia statale,Parrella,IC Don Milani-Leopardi,Torre del Greco,NA,"Viale dei Pini 15 1 Traversa, 80059 Torre del Greco (NA)",081 8493900,naic8h3009@istruzione.it,sì,,87,13.8,23
NAEE8H302C,primaria statale,Don Lorenzo Milani,IC Don Milani-Leopardi,Torre del Greco,NA,"Via Montedoro 43, 80059 Torre del Greco (NA)",081 8816742,naic8h3009@istruzione.it,sì,,245,13.8,23
NAEE8H301B,primaria statale,Montessori,IC Don Milani-Leopardi,Torre del Greco,NA,"Via Scappi 4, 80059 Torre del Greco (NA)",081 8827043,naic8h3009@istruzione.it,sì,,112,13.8,23
NAEE8H303D,primaria statale,Parrella,IC Don Milani-Leopardi,Torre del Greco,NA,"Viale dei Pini I Traversa Privata 14, 80059 Torre del Greco (NA)",081 8816742,naic8h3009@istruzione.it,sì,,164,13.8,23
NAAA8DF05B,infanzia statale,G. B. Scaramella,IC Falcone-Scauda,Torre del Greco,NA,"Via Nazionale 959 - Palazzone, 80059 Torre del Greco (NA)",081 8835506,naic8df00a@istruzione.it,sì,https://www.icfalconescaudatorredelgreco.edu.it,30,13.8,23
NAAA8DF028,infanzia statale,G. Conte,IC Falcone-Scauda,Torre del Greco,NA,"Via Santa Maria la Bruna 148, 80059 Torre del Greco (NA)",081 8831449,naic8df00a@istruzione.it,sì,https://www.icfalconescaudatorredelgreco.edu.it,41,13.8,23
NAAA8DF039,infanzia statale,G. Orsi,IC Falcone-Scauda,Torre del Greco,NA,"Via Lava Troia 14, 80059 Torre del Greco (NA)",081 8472068,naic8df00a@istruzione.it,sì,https://www.icfalconescaudatorredelgreco.edu.it,30,13.8,23
NAAA8DF04A,infanzia statale,R. Scauda,IC Falcone-Scauda,Torre del Greco,NA,"Via Pineta del Santuario 1, 80059 Torre del Greco (NA)",081 8832092,naic8df00a@istruzione.it,sì,https://www.icfalconescaudatorredelgreco.edu.it,120,13.8,23
NAEE8DF01C,primaria statale,Conte,IC Falcone-Scauda,Torre del Greco,NA,"Via Santa Maria la Bruna 148, 80059 Torre del Greco (NA)",081 8831449,naic8df00a@istruzione.it,sì,https://www.icfalconescaudatorredelgreco.edu.it,101,13.8,23
NAEE8DF02D,primaria statale,Orsi,IC Falcone-Scauda,Torre del Greco,NA,"Via Lava Troia 14, 80059 Torre del Greco (NA)",081 8472068,naic8df00a@istruzione.it,sì,https://www.icfalconescaudatorredelgreco.edu.it,72,13.8,23
NAEE8DF06N,primaria statale,Scaramella,IC Falcone-Scauda,Torre del Greco,NA,"Via Nazionale 959 - Palazzone, 80059 Torre del Greco (NA)",081 8835506,naic8df00a@istruzione.it,sì,https://www.icfalconescaudatorredelgreco.edu.it,82,13.8,23
NAEE8DF05L,primaria statale,Scauda,IC Falcone-Scauda,Torre del Greco,NA,"Via Pineta del Santuario 1, 80059 Torre del Greco (NA)",081 8832092,naic8df00a@istruzione.it,sì,https://www.icfalconescaudatorredelgreco.edu.it,260,13.8,23
NAAA8BK01P,infanzia statale,Via Sant'Antonio,IC Giampietro-Romano,Torre del Greco,NA,"Via Sant'Antonio 56, 80059 Torre del Greco (NA)",081 8829563,naic8bk00t@istruzione.it,sì,https://www.icsgiampietroromano.edu.it,165,13.8,23
NAEE8BK01X,primaria statale,Via Nazionale,IC Giampietro-Romano,Torre del Greco,NA,"Via Nazionale 235, 80059 Torre del Greco (NA)",081 8471827,naic8bk00t@istruzione.it,sì,https://www.icsgiampietroromano.edu.it,378,13.8,23
NAAA8H4023,infanzia statale,Giovanni Paolo II,IC Sauro-Morelli,Torre del Greco,NA,"Via Curtoli Beneduce, 80059 Torre del Greco (NA)",081 8826877,naic8h4005@istruzione.it,sì,,100,13.8,23
NAAA8H4012,infanzia statale,Via Circumvallazione,IC Sauro-Morelli,Torre del Greco,NA,"Via Circumvallazione, 80059 Torre del Greco (NA)",081 8811121,naic8h4005@istruzione.it,sì,,159,13.8,23
NAEE8H4028,primaria statale,Giovanni Paolo II,IC Sauro-Morelli,Torre del Greco,NA,"Via Curtoli Beneduce, 80059 Torre del Greco (NA)",081 8826877,naic8h4005@istruzione.it,sì,,225,13.8,23
NAEE8H4017,primaria statale,Via Circumvallazione,IC Sauro-Morelli,Torre del Greco,NA,"Via Circumvallazione 184, 80059 Torre del Greco (NA)",081 8811121,naic8h4005@istruzione.it,sì,,300,13.8,23
NA1A38300A,infanzia paritaria,Bamby,,Torre del Greco,NA,"Via F. Balzano 3, 80059 Torre del Greco (NA)",081 8818013,,no: manca,,50,13.8,23
NA1A127008,infanzia paritaria,Bimbi Felici,,Torre del Greco,NA,"Via Santa Maria la Bruna, 80059 Torre del Greco (NA)",081 8834528,sparbimbifelici@libero.it,sì,,45,13.8,23
NA1A503007,infanzia paritaria,Buon Consiglio,,Torre del Greco,NA,"Viale Europa 53, 80059 Torre del Greco (NA)",081 8474595,info@scuolabuonconsiglio.com,sì,,44,13.8,23
NA1A11700N,infanzia paritaria,Gesù di Nazareth,,Torre del Greco,NA,"Via Torretta Fiorillo 206, 80059 Torre del Greco (NA)",081 8833090,ass.padrepionlus@gmail.com,sì,,37,13.8,23
NA1A20900G,infanzia paritaria,Istituto Sacro Cuore,,Torre del Greco,NA,"Via Nazionale 320, 80059 Torre del Greco (NA)",081 8472291,istitutosacrocuore@yahoo.it,sì,,39,13.8,23
NA1A60100C,infanzia paritaria,La Fiaba di Andersen,,Torre del Greco,NA,"Via G De Bottis 78, 80059 Torre del Greco (NA)",081 8826930,scuolalafiaba@hotmail.com,sì,,30,13.8,23
NA1A38600T,infanzia paritaria,La Ginestra,,Torre del Greco,NA,"Viale dei Pini 41, 80059 Torre del Greco (NA)",081 8811010,info@scuolaginestra.it,sì,https://www.scuolaginestra.it,45,13.8,23
NA1A06300E,infanzia paritaria,Maestre Pie Filippini,,Torre del Greco,NA,"Corso Vittorio Emanuele 70, 80059 Torre del Greco (NA)",081 8811924,piefilippini@virgilio.it,sì,http://www.maestrepietdg.it,39,13.8,23
NA1A10900P,infanzia paritaria,Paradiso dei Bimbi,,Torre del Greco,NA,"Via Pisani 35, 80059 Torre del Greco (NA)",081 8833727,paradisodeibimbi@libero.it,sì,,45,13.8,23
NA1A384006,infanzia paritaria,Sacro Cuore,,Torre del Greco,NA,"Vico Visitazione 6, 80059 Torre del Greco (NA)",081 8812190,scuolasacrocuore@alice.it,sì,https://scuolasacrocuoretdg.it,58,13.8,23
NA1A385002,infanzia paritaria,Santa Geltrude,,Torre del Greco,NA,"Corso Vittorio Emanuele 8, 80059 Torre del Greco (NA)",081 3768273,santageltrude@inwind.it,sì,,53,13.8,23
NA1A16000X,infanzia paritaria,Santa Maria del Carmelo,,Torre del Greco,NA,"Via San Giovanni XXIII 50, 80059 Torre del Greco (NA)",081 8832179,m.delcarmelo@virgilio.it,sì,,49,13.8,23
NA1A00400P,infanzia paritaria,Suore di San Giovanni Battista,,Torre del Greco,NA,"Via Circumvallazione 180, 80059 Torre del Greco (NA)",081 8811369,suore-battistine@libero.it,sì,,56,13.8,23
NA1A62100N,infanzia paritaria,Sweet School,,Torre del Greco,NA,"Via Nazionale P/co Mimose 962/m, 80059 Torre del Greco (NA)",081 8473172,sweetschool@libero.it,sì,,46,13.8,23
NA1A1S500F,infanzia paritaria,Vergine Addolorata e Santa Croce,,Torre del Greco,NA,"Via Comizi 22, 80059 Torre del Greco (NA)",081 8811438,giorginabatista@hotmail.com,no: indirizzo personale,,26,13.8,23
NA1E212009,primaria paritaria,Gesù di Nazareth,,Torre del Greco,NA,"Via Torretta Fiorillo 206, 80040 Torre del Greco (NA)",081 8833090,ass.padrepionlus@gmail.com,sì,,50,13.8,23
NA1E21000N,primaria paritaria,Istituto Sacro Cuore,,Torre del Greco,NA,"Via Nazionale 272, 80059 Torre del Greco (NA)",,istitutosacrocuore@yahoo.it,sì,https://www.sacrocuoretorredelgreco.it,99,13.8,23
NA1E148007,primaria paritaria,La Ginestra,,Torre del Greco,NA,"Viale dei Pini 41, 80059 Torre del Greco (NA)",081 8811010,ass.padrepionlus@gmail.com,sì,http://www.scuolaginestra.it,50,13.8,23
NA1E14700B,primaria paritaria,Maestre Pie Filippini,,Torre del Greco,NA,"Corso Vittorio Emanuele 70, 80059 Torre del Greco (NA)",081 8811924,piefilippini@virgilio.it,sì,http://www.maestrepietdg.it,52,13.8,23
NA1E27900Q,primaria paritaria,Padre Pio,,Torre del Greco,NA,"Via Comizi 22, 80059 Torre del Greco (NA)",081 8819649,addoloratagrazia@libero.it,no: indirizzo personale,,51,13.8,23
NA1E285003,primaria paritaria,Suore di San Giovanni Battista,,Torre del Greco,NA,"Via Circumvallazione 180, 80059 Torre del Greco (NA)",081 8811369,suore-battistine@libero.it,sì,,65,13.8,23
NAAA86402T,infanzia statale,Fratelli Cervi,IC Paride Del Pozzo,Pimonte,NA,"Via Casa Cuomo 24, 80050 Pimonte (NA)",081 8792160,naic86400x@istruzione.it,sì,https://www.icsdelpozzo.edu.it,89,13.9,28
NAAA86401R,infanzia statale,Rione Franche,IC Paride Del Pozzo,Pimonte,NA,"Rione Franche, 80050 Pimonte (NA)",081 8792875,naic86400x@istruzione.it,sì,https://www.icsdelpozzo.edu.it,32,13.9,28
NAAA86403V,infanzia statale,Tralia,IC Paride Del Pozzo,Pimonte,NA,"Via Nuova Tralia 30, 80050 Pimonte (NA)",081 8792876,naic86400x@istruzione.it,sì,https://www.icsdelpozzo.edu.it,43,13.9,28
NAEE864012,primaria statale,Franche,IC Paride Del Pozzo,Pimonte,NA,"Via Franche, 80050 Pimonte (NA)",081 8792875,naic86400x@istruzione.it,sì,https://www.icsdelpozzo.edu.it,45,13.9,28
NAEE864023,primaria statale,Fratelli Cervi,IC Paride Del Pozzo,Pimonte,NA,"Via Casa Cuomo 24, 80050 Pimonte (NA)",081 8792160,naic86400x@istruzione.it,sì,https://www.icsdelpozzo.edu.it,168,13.9,28
NAEE864034,primaria statale,Tralia,IC Paride Del Pozzo,Pimonte,NA,"Via Nuova Tralia, 80050 Pimonte (NA)",081 8792876,naic86400x@istruzione.it,sì,https://www.icsdelpozzo.edu.it,84,13.9,28
SAAA8BD02T,infanzia statale,Berlinguer,IC Vassalluzzo,Roccapiemonte,SA,"Via Pigno, 84086 Roccapiemonte (SA)",081 931587,saic8bd00x@istruzione.it,sì,https://www.istitutocomprensivoroccapiemonte.edu.it,47,14.1,25
SAAA8BD04X,infanzia statale,Casali,IC Vassalluzzo,Roccapiemonte,SA,"Via della Pace, 84086 Roccapiemonte (SA)",081 931587,saic8bd00x@istruzione.it,sì,https://www.istitutocomprensivoroccapiemonte.edu.it,37,14.1,25
SAAA8BD03V,infanzia statale,Ferrentino,IC Vassalluzzo,Roccapiemonte,SA,"Via A. Ferrentino 15, 84086 Roccapiemonte (SA)",081 931587,saic8bd00x@istruzione.it,sì,https://www.istitutocomprensivoroccapiemonte.edu.it,54,14.1,25
SAAA8BD01R,infanzia statale,Via C. Pagano,IC Vassalluzzo,Roccapiemonte,SA,"Via C. Pagano, 84086 Roccapiemonte (SA)",081 931587,saic8bd00x@istruzione.it,sì,https://www.istitutocomprensivoroccapiemonte.edu.it,41,14.1,25
SAEE8BD034,primaria statale,Casali,IC Vassalluzzo,Roccapiemonte,SA,"Via Chiesa, 84080 Roccapiemonte (SA)",081 931587,saic8bd00x@istruzione.it,sì,https://www.istitutocomprensivoroccapiemonte.edu.it,77,14.1,25
SAEE8BD012,primaria statale,Santa Maria delle Grazie,IC Vassalluzzo,Roccapiemonte,SA,"Via A. Ferrentino 15, 84086 Roccapiemonte (SA)",081 933911,saic8bd00x@istruzione.it,sì,https://www.istitutocomprensivoroccapiemonte.edu.it,149,14.1,25
SAEE8BD023,primaria statale,Via Ponte,IC Vassalluzzo,Roccapiemonte,SA,"Via Ponte, 84086 Roccapiemonte (SA)",081 9368088,saic8bd00x@istruzione.it,sì,https://www.istitutocomprensivoroccapiemonte.edu.it,125,14.1,25
SA1A07300G,infanzia paritaria,Duca Ravaschieri Fieschi,,Roccapiemonte,SA,"Via Santa Maria delle Grazie 42, 84086 Roccapiemonte (SA)",081 931347,suorensfatima@libero.it,sì,,,14.1,25
SA1A07400B,infanzia paritaria,Suore Francescane Alcantarine,,Roccapiemonte,SA,"Via Materdomini 20, 84086 Roccapiemonte (SA)",081 934884,scuolaroccapiemonte@alcantarine.org,sì,,43,14.1,25
SA1E01400N,primaria paritaria,Suore Francescane Alcantarine,,Roccapiemonte,SA,"Via Materdomini 20, 84086 Roccapiemonte (SA)",081 934884,scuolaroccapiemonte@alcantarine.org,sì,,92,14.1,25
SAAA84603Q,infanzia statale,Capoluogo,IC Lanzara,Castel San Giorgio,SA,"Via Paolo Borsellino 5, 84083 Castel San Giorgio (SA)",346 632 1722,saic84600r@istruzione.it,sì,https://www.iclanzaracastelsangiorgio.edu.it,75,14.2,24
SAAA84601N,infanzia statale,Castelluccio,IC Lanzara,Castel San Giorgio,SA,"Via Arrigo Lanzara, 84083 Castel San Giorgio (SA)",338 619 0568,saic84600r@istruzione.it,sì,https://www.iclanzaracastelsangiorgio.edu.it,50,14.2,24
SAAA84602P,infanzia statale,Lanzara,IC Lanzara,Castel San Giorgio,SA,"Via Ferrentino, 84083 Castel San Giorgio (SA)",335 525 4784,saic84600r@istruzione.it,sì,https://www.iclanzaracastelsangiorgio.edu.it,86,14.2,24
SAAA84604R,infanzia statale,Santa Maria a Favore,IC Lanzara,Castel San Giorgio,SA,"Piazza Sant'Anna, 84083 Castel San Giorgio (SA)",335 542 0064,saic84600r@istruzione.it,sì,https://www.iclanzaracastelsangiorgio.edu.it,43,14.2,24
SAEE846042,primaria statale,Aiello Campomanfoli,IC Lanzara,Castel San Giorgio,SA,"Via Santa Maria di Costantinopoli, 84083 Castel San Giorgio (SA)",393 810 8023,saic84600r@istruzione.it,sì,https://www.iclanzaracastelsangiorgio.edu.it,101,14.2,24
SAEE846031,primaria statale,Capoluogo,IC Lanzara,Castel San Giorgio,SA,"Via Aniello Capuano 6, 84083 Castel San Giorgio (SA)",081 5163295,saic84600r@istruzione.it,sì,https://www.iclanzaracastelsangiorgio.edu.it,168,14.2,24
SAEE84601V,primaria statale,Lanzara,IC Lanzara,Castel San Giorgio,SA,"Via Ferrentino, 84080 Castel San Giorgio (SA)",335 534 9840,saic84600r@istruzione.it,sì,https://www.iclanzaracastelsangiorgio.edu.it,241,14.2,24
SAEE84602X,primaria statale,Trivio Codola,IC Lanzara,Castel San Giorgio,SA,"Via Paterno 17, 84083 Castel San Giorgio (SA)",338 629 7047,saic84600r@istruzione.it,sì,https://www.iclanzaracastelsangiorgio.edu.it,63,14.2,24
SA1AGZ500C,infanzia paritaria,Girotondo,,Castel San Giorgio,SA,"Via Luigi Guerrasio 91, 84083 Castel San Giorgio (SA)",081 5162569,scuolagirotondosas@gmail.com,sì,,17,14.2,24
SA1A046007,infanzia paritaria,Maria Pia Notari,,Castel San Giorgio,SA,"Via Piave 4, 84083 Castel San Giorgio (SA)",081 951221,suorecae_csg@virgilio.it,sì,,10,14.2,24
NAAA8CT059,infanzia statale,Giocamondo,IC Donizetti,Pollena Trocchia,NA,"Via Vigna Caracciolo, 80040 Pollena Trocchia (NA)",081 5312597,naic8ct008@istruzione.it,sì,,102,14.3,27
NAAA8CT026,infanzia statale,San Gennariello,IC Donizetti,Pollena Trocchia,NA,"Via San Gennariello, 80040 Pollena Trocchia (NA)",081 5304234,naic8ct008@istruzione.it,sì,,44,14.3,27
NAEE8CT05E,primaria statale,San Gennariello,IC Donizetti,Pollena Trocchia,NA,"Via San Gennariello, 80040 Pollena Trocchia (NA)",081 5304234,naic8ct008@istruzione.it,sì,,96,14.3,27
NAEE8CT01A,primaria statale,Via Fusco,IC Donizetti,Pollena Trocchia,NA,"Via S. Fusco 1, 80040 Pollena Trocchia (NA)",081 5312231,naic8ct008@istruzione.it,sì,,186,14.3,27
NAEE8CT03C,primaria statale,Via Tartaglia,IC Donizetti,Pollena Trocchia,NA,"Via Apicella, 80040 Pollena Trocchia (NA)",081 5311778,naic8ct008@istruzione.it,sì,,94,14.3,27
NA1A405002,infanzia paritaria,La Rosa dei Venti,,Pollena Trocchia,NA,"Viale Regina Elena 38, 80040 Pollena Trocchia (NA)",081 5312755,latorredibabele@alice.it,sì,,49,14.3,27
NA1A687008,infanzia paritaria,Sacro Cuore - Suore degli Angeli,,Pollena Trocchia,NA,"Piazza Amodio 1, 80040 Pollena Trocchia (NA)",081 8971533,sacrocuoresda@virgilio.it,sì,,37,14.3,27
NA1A368008,infanzia paritaria,Suore Compassioniste Serve di Maria,,Pollena Trocchia,NA,"Via Cappelli 91, 80040 Pollena Trocchia (NA)",081 8971568,ist.compassioniste@libero.it,sì,,29,14.3,27
NA1E13700R,primaria paritaria,Sacro Cuore - Suore degli Angeli,,Pollena Trocchia,NA,"Piazza Amodio 1, 80040 Pollena Trocchia (NA)",081 8971533,sacrocuoresda@virgilio.it,sì,,79,14.3,27
NA1E13800L,primaria paritaria,Suore Compassioniste Serve di Maria,,Pollena Trocchia,NA,"Via Cappelli 91, 80040 Pollena Trocchia (NA)",081 8971586,ist.compassioniste@libero.it,sì,,66,14.3,27
NAAA8GX02X,infanzia statale,Padiglione,IC 1 Rodinò,Ercolano,NA,"Via 4 Novembre - I Traversa, 80056 Ercolano (NA)",081 7776329,naic8gx002@istruzione.it,sì,https://www.rodino.edu.it,111,14.4,22
NAAA8GX01V,infanzia statale,Rodinò,IC 1 Rodinò,Ercolano,NA,"Via 4 Novembre 43, 80056 Ercolano (NA)",081 7390084,naic8gx002@istruzione.it,sì,https://www.rodino.edu.it,57,14.4,22
NAEE8GX014,primaria statale,Rodinò,IC 1 Rodinò,Ercolano,NA,"Via IV Novembre 43, 80056 Ercolano (NA)",081 7390084,naic8gx002@istruzione.it,sì,https://www.rodino.edu.it,323,14.4,22
NAAA8GY01P,infanzia statale,Giampaglia,IC 2 Giampaglia-Iaccarino,Ercolano,NA,"Via Semmola 6, 80056 Ercolano (NA)",081 7390187,naic8gy00t@istruzione.it,sì,https://www.secondocircoloercolano.edu.it,145,14.4,22
NAEE8GY01X,primaria statale,Giampaglia,IC 2 Giampaglia-Iaccarino,Ercolano,NA,"Via Semmola 6, 80056 Ercolano (NA)",081 7390187,naic8gy00t@istruzione.it,sì,https://www.secondocircoloercolano.edu.it,295,14.4,22
NAAA8DA036,infanzia statale,Iovino Scotellaro,IC 3 De Curtis-Ungaretti,Ercolano,NA,"Via Cuparella 2, 80056 Ercolano (NA)",081 7772972,naic8da007@istruzione.it,sì,https://www.ic3decurtisungaretti.edu.it,105,14.4,22
NAAA8DA025,infanzia statale,Via Palmieri,IC 3 De Curtis-Ungaretti,Ercolano,NA,"Via Palmieri, 80056 Ercolano (NA)",081 7713113,naic8da007@istruzione.it,sì,https://www.ic3decurtisungaretti.edu.it,81,14.4,22
NAAA8DA014,infanzia statale,Via Viola,IC 3 De Curtis-Ungaretti,Ercolano,NA,"Via Viola 20, 80056 Ercolano (NA)",081 7713113,naic8da007@istruzione.it,sì,https://www.ic3decurtisungaretti.edu.it,46,14.4,22
NAEE8DA03B,primaria statale,Iovino Scotellaro,IC 3 De Curtis-Ungaretti,Ercolano,NA,"Via Cuparella 2, 80056 Ercolano (NA)",081 7772972,naic8da007@istruzione.it,sì,https://www.ic3decurtisungaretti.edu.it,190,14.4,22
NAEE8DA02A,primaria statale,Via Palmieri,IC 3 De Curtis-Ungaretti,Ercolano,NA,"Via Palmieri 41, 80056 Ercolano (NA)",081 7881291,naic8da007@istruzione.it,sì,https://www.ic3decurtisungaretti.edu.it,120,14.4,22
NAEE8DA019,primaria statale,Via Viola,IC 3 De Curtis-Ungaretti,Ercolano,NA,"Via Viola 20, 80056 Ercolano (NA)",081 7713113,naic8da007@istruzione.it,sì,https://www.ic3decurtisungaretti.edu.it,91,14.4,22
NAAA8GL02L,infanzia statale,Amedeo Maiuri,IC 5 Maiuri,Ercolano,NA,"Via G.d'annunzi 3/5, 80056 Ercolano (NA)",081 7397413,naic8gl00p@istruzione.it,sì,https://www.ic5maiuri.edu.it,110,14.4,22
NAAA8GL01G,infanzia statale,Via Marconi,IC 5 Maiuri,Ercolano,NA,"Via Marconi 113, 80056 Ercolano (NA)",081 7394095,naic8gl00p@istruzione.it,sì,https://www.ic5maiuri.edu.it,133,14.4,22
NAEE8GL01R,primaria statale,Amedeo Maiuri,IC 5 Maiuri,Ercolano,NA,"Via G.d'annunzio 3/5, 80056 Ercolano (NA)",081 7397413,naic8gl00p@istruzione.it,sì,https://www.ic5maiuri.edu.it,169,14.4,22
NAEE8GL02T,primaria statale,Via Marconi,IC 5 Maiuri,Ercolano,NA,"Via Marconi 113, 80056 Ercolano (NA)",081 7394095,naic8gl00p@istruzione.it,sì,https://www.ic5maiuri.edu.it,265,14.4,22
NA1A37500B,infanzia paritaria,Bambi,,Ercolano,NA,"Via dello Spacco 10, 80056 Ercolano (NA)",081 7396361,info@scuolabambi.it,sì,,87,14.4,22
NA1A15900Q,infanzia paritaria,Bimbi Lieti,,Ercolano,NA,"Via Tironi di Moccia 44, 80056 Ercolano (NA)",081 7393063,scuolasantarcisio@libero.it,sì,,54,14.4,22
NA1A72100E,infanzia paritaria,Istituto Gaudino,,Ercolano,NA,"Via Trentola 220, 80056 Ercolano (NA)",081 7773735,istitutogaudino46@libero.it,sì,,15,14.4,22
NA1A9C500B,infanzia paritaria,La Torre di Babele,,Ercolano,NA,"Via Patacca 96, 80056 Ercolano (NA)",081 2355543,miranapoli@scuolatorredibabele.it,sì,,61,14.4,22
NA1A44400L,infanzia paritaria,Peter Pan,,Ercolano,NA,"Via San Vito 134, 80056 Ercolano (NA)",081 7390500,scuolapeterpan71@gmail.com,sì,,65,14.4,22
NA1E14000L,primaria paritaria,Bambi,,Ercolano,NA,"Via dello Spacco 10, 80056 Ercolano (NA)",081 7396361,info@scuolabambi.it,sì,http://www.scuolabambi.it,102,14.4,22
NA1E02100A,primaria paritaria,Figlie di Nostra Signora dell'Eucaristia,,Ercolano,NA,"Via Tironi di Moccia 44, 80056 Ercolano (NA)",081 7393063,scuolasantarcisio@libero.it,sì,,63,14.4,22
NA1E20800N,primaria paritaria,Peter Pan,,Ercolano,NA,"Via San Vito 134, 80056 Ercolano (NA)",081 7390500,scuolapeterpan71@gmail.com,sì,,79,14.4,22
NAAA8CT07B,infanzia statale,Massa di Somma,IC Donizetti,Massa di Somma,NA,"Via Santa I 9, 80040 Massa di Somma (NA)",081 7711313,naic8ct008@istruzione.it,sì,,81,14.4,28
NAEE8CT06G,primaria statale,Massa di Somma,IC Donizetti,Massa di Somma,NA,"Via Marini 1, 80040 Massa di Somma (NA)",081 5744926,naic8ct008@istruzione.it,sì,,145,14.4,28
NA1A74000X,infanzia paritaria,Ascoltando Bambini e Ragazzi,,Massa di Somma,NA,"Via Gennaro De Filippo, 80040 Massa di Somma (NA)",081 5313148,ascoltandoibambini1@gmail.com,sì,,100,14.4,28
NA1E14600G,primaria paritaria,Ascoltando Bambini e Ragazzi,,Massa di Somma,NA,"Via Gennaro De Filippo 49, 80040 Massa di Somma (NA)",081 5313148,ascoltandoibambini1@gmail.com,sì,https://www.ascoltandoibambini.it,122,14.4,28
NAAA8HK02B,infanzia statale,Collodi,IC Salvemini,San Sebastiano al Vesuvio,NA,"Via degli Astronauti, 80040 San Sebastiano al Vesuvio (NA)",081 7867153,naic8hk00d@istruzione.it,sì,https://www.comprensivovesuviosalvemini.edu.it,95,14.5,27
NAAA8HK01A,infanzia statale,Enrico Toti,IC Salvemini,San Sebastiano al Vesuvio,NA,"Via Margherita, 80040 San Sebastiano al Vesuvio (NA)",081 7867155,naic8hk00d@istruzione.it,sì,https://www.comprensivovesuviosalvemini.edu.it,99,14.5,27
NAEE8HK01G,primaria statale,Raffaele Capasso,IC Salvemini,San Sebastiano al Vesuvio,NA,"San Sebastiano Vesuvio, 80040 San Sebastiano al Vesuvio (NA)",081 7711708,naic8hk00d@istruzione.it,sì,https://www.comprensivovesuviosalvemini.edu.it,305,14.5,27
NAEE8HK02L,primaria statale,Sandro Pertini,IC Salvemini,San Sebastiano al Vesuvio,NA,"Via Falconi, 80040 San Sebastiano al Vesuvio (NA)",081 7867157,naic8hk00d@istruzione.it,sì,https://www.comprensivovesuviosalvemini.edu.it,186,14.5,27
NA1A496009,infanzia paritaria,Villa dei Cedri,,San Sebastiano al Vesuvio,NA,"Via Tufarelli 7, 80040 San Sebastiano al Vesuvio (NA)",081 7715968,scuolavilladeicedri@libero.it,sì,,22,14.5,27
NA1E239009,primaria paritaria,Villa dei Cedri,,San Sebastiano al Vesuvio,NA,"Via Tufarelli 7, 80040 San Sebastiano al Vesuvio (NA)",081 7715968,scuolavilladeicedri@libero.it,sì,,55,14.5,27
SAAA89803C,infanzia statale,Casale Manzi,IC Siano-Bracigliano,Bracigliano,SA,"Via Nazario Sauro, 84082 Bracigliano (SA)",081 969443,saic89800d@istruzione.it,sì,http://www.istitutocomprensivosiano.edu.it,63,14.9,30
SAAA89804D,infanzia statale,De Simone,IC Siano-Bracigliano,Bracigliano,SA,"Piazza Amendola, 84082 Bracigliano (SA)",081 960265,saic89800d@istruzione.it,sì,http://www.istitutocomprensivosiano.edu.it,82,14.9,30
SAEE89802L,primaria statale,Capoluogo,IC Siano-Bracigliano,Bracigliano,SA,"Via F. Filzi, 84082 Bracigliano (SA)",081 969382,saic89800d@istruzione.it,sì,http://www.istitutocomprensivosiano.edu.it,137,14.9,30
SAEE89803N,primaria statale,Casale,IC Siano-Bracigliano,Bracigliano,SA,"Via Nazario Sauro, 84082 Bracigliano (SA)",081 969443,saic89800d@istruzione.it,sì,http://www.istitutocomprensivosiano.edu.it,103,14.9,30
NAAA803019,infanzia statale,Camposano,IC Padre Arturo D'Onofrio,Visciano,NA,"Via Corriole 6, 80030 Visciano (NA)",081 5114295,naic80300c@istruzione.it,sì,,38,14.9,32
NAEE80301E,primaria statale,Camposano,IC Padre Arturo D'Onofrio,Visciano,NA,"Via Corriole, 80030 Visciano (NA)",081 8299212,naic80300c@istruzione.it,sì,,114,14.9,32
NA1A69700V,infanzia paritaria,Piccole Apostole della Redenzione,,Visciano,NA,"Via Camaldoli 9, 80030 Visciano (NA)",081 8299973,parvisciano@libero.it,sì,http://www.scuolavf-visciano.it,42,14.9,32
NA1E206002,primaria paritaria,Piccole Apostole della Redenzione,,Visciano,NA,"Via Camaldoli 9, 80030 Visciano (NA)",081 8299973,parvisciano@libero.it,sì,http://www.scuolavf-visciano.it,34,14.9,32
NAAA80303B,infanzia statale,Rione Gescal,IC Padre Arturo D'Onofrio,Casamarciano,NA,"Rione GESCAL, 80032 Casamarciano (NA)",081 8232023,naic80300c@istruzione.it,sì,,32,15.1,25
NAEE80304N,primaria statale,Mercogliano,IC Padre Arturo D'Onofrio,Casamarciano,NA,"Via R. Mercogliano, 80032 Casamarciano (NA)",081 8239448,naic80300c@istruzione.it,sì,,57,15.1,25
NAAA8FQ014,infanzia statale,Via Appia,IC Omodeo-Beethoven,San Vitaliano,NA,"Via Appia, 80030 San Vitaliano (NA)",081 8441333,naic8fq007@istruzione.it,sì,https://www.icsciscianosanvitaliano.edu.it,85,15.1,22
NAEE8FQ019,primaria statale,Via Nicholas Green,IC Omodeo-Beethoven,San Vitaliano,NA,"Via N. Green 2, 80030 San Vitaliano (NA)",081 5198997,naic8fq007@istruzione.it,sì,https://www.icsciscianosanvitaliano.edu.it,186,15.1,22
NA1A69200Q,infanzia paritaria,Les Petites Garcons,,San Vitaliano,NA,"Via Dante 85, 80030 San Vitaliano (NA)",377 469 2521,felicia.capasso@tin.it,no: indirizzo personale,,26,15.1,22
NAAA8DT01Q,infanzia statale,Piazza Mercato,IC 2 Milani-Aliperti,Marigliano,NA,"Piazza Mercato, 80034 Marigliano (NA)",081 8854309,naic8dt00v@istruzione.it,sì,https://www.icmilanialiperti.edu.it,41,15.5,25
NAAA8DT03T,infanzia statale,Rodari,IC 2 Milani-Aliperti,Marigliano,NA,"Via Pontecitra, 80034 Marigliano (NA)",081 88853082,naic8dt00v@istruzione.it,sì,https://www.icmilanialiperti.edu.it,51,15.5,25
NAAA8DT02R,infanzia statale,Via Mautone,IC 2 Milani-Aliperti,Marigliano,NA,"Via Suor Felice Vincenza Mautone, 80034 Marigliano (NA)",081 8411319,naic8dt00v@istruzione.it,sì,https://www.icmilanialiperti.edu.it,143,15.5,25
NAEE8DT011,primaria statale,Don Milani,IC 2 Milani-Aliperti,Marigliano,NA,"Corso Campano 34, 80030 Marigliano (NA)",081 8411483,naic8dt00v@istruzione.it,sì,https://www.icmilanialiperti.edu.it,467,15.5,25
NAAA8BE016,infanzia statale,Pontecitra I,IC Pacinotti,Marigliano,NA,"Via San Luca, 80034 Marigliano (NA)",081 8413283,naic8be009@istruzione.it,sì,https://www.scuolapacinotti.edu.it,111,15.5,25
NAAA8BE027,infanzia statale,Pontecitra II,IC Pacinotti,Marigliano,NA,"Via San Luca, 80034 Marigliano (NA)",081 8855750,naic8be009@istruzione.it,sì,https://www.scuolapacinotti.edu.it,104,15.5,25
NAEE8BE03D,primaria statale,Comparto 219,IC Pacinotti,Marigliano,NA,"Via Pontecitra-Comparto Lg.219, 80034 Marigliano (NA)",081 8855746,naic8be009@istruzione.it,sì,https://www.itipacinotti.edu.it,45,15.5,25
NAEE8BE02C,primaria statale,Miuli,IC Pacinotti,Marigliano,NA,"Via Padre Pio, 80034 Marigliano (NA)",081 5191313,naic8be009@istruzione.it,sì,https://www.itipacinotti.edu.it,129,15.5,25
NAEE8BE01B,primaria statale,Pontecitra,IC Pacinotti,Marigliano,NA,"Via Giorgio Amendola, 80034 Marigliano (NA)",081 8855139,naic8be009@istruzione.it,sì,https://www.itipacinotti.edu.it,286,15.5,25
NAAA8G701V,infanzia statale,G. Gigante,IC Siani-Alighieri,Marigliano,NA,"Via P. Giordano 12, 80034 Marigliano (NA)",081 8411513,naic8g7002@istruzione.it,sì,https://www.sianialighieri.edu.it,64,15.5,25
NAAA8G702X,infanzia statale,Settembrini,IC Siani-Alighieri,Marigliano,NA,"Via Casafalco 1, 80034 Marigliano (NA)",081 8854439,naic8g7002@istruzione.it,sì,https://www.sianialighieri.edu.it,85,15.5,25
NAEE8G7014,primaria statale,Giancarlo Siani,IC Siani-Alighieri,Marigliano,NA,"Via Roberto De Vita 1, 80034 Marigliano (NA)",081 8851860,naic8g7002@istruzione.it,sì,https://www.sianialighieri.edu.it,268,15.5,25
NAEE8G7047,primaria statale,Grazia Deledda,IC Siani-Alighieri,Marigliano,NA,"Via Francesco Baracca 121, 80034 Marigliano (NA)",081 8413744,naic8g7002@istruzione.it,sì,https://www.sianialighieri.edu.it,196,15.5,25
NAEE8G7025,primaria statale,Mons. N. Esposito,IC Siani-Alighieri,Marigliano,NA,"Via San Francesco 123, 80034 Marigliano (NA)",081 8855248,naic8g7002@istruzione.it,sì,https://www.sianialighieri.edu.it,75,15.5,25
NAEE8G7036,primaria statale,Settembrini,IC Siani-Alighieri,Marigliano,NA,"Via Casafalco 1, 80034 Marigliano (NA)",081 8854439,naic8g7002@istruzione.it,sì,https://www.sianialighieri.edu.it,167,15.5,25
NA1AQ9500N,infanzia paritaria,Happy Days,,Marigliano,NA,"Via Faibano 65, 80034 Marigliano (NA)",328 200 3600,scuolahappydays2015@virgilio.it,sì,,9,15.5,25
NA1APV500Q,infanzia paritaria,Il Grillo Parlante,,Marigliano,NA,"Via Pontecitra Trv San Rocco, 80034 Marigliano (NA)",081 8416021,asilogrilloparlante@gmail.com,sì,,56,15.5,25
NA1A559007,infanzia paritaria,Il Trenino,,Marigliano,NA,"Via Vittorio Veneto 20, 80034 Marigliano (NA)",081 8856752,materna.iltrenino@libero.it,sì,,57,15.5,25
NA1A45800E,infanzia paritaria,L'Isola Felice,,Marigliano,NA,"Via Pontecitra 70, 80034 Marigliano (NA)",339 297 7084,lisola_felice@libero.it,sì,https://www.scuolalisolafelice.it,48,15.5,25
NA1A152001,infanzia paritaria,Santa Maria Francesca,,Marigliano,NA,"Corso Campano 85, 80034 Marigliano (NA)",081 6588352,smpnapoletano@libero.it,sì,,24,15.5,25
NA1A45700P,infanzia paritaria,Stellina,,Marigliano,NA,"Via Ambasciatore Montagna 20, 80034 Marigliano (NA)",081 5191320,mariapina@scuolastellina.com,sì,,66,15.5,25
NA1A34900V,infanzia paritaria,Zerosei,,Marigliano,NA,"Via Risorgimento 45, 80034 Marigliano (NA)",081 8854382,scuolamaternazerosei06@gmail.com,sì,https://www.associazionezerosei.it,30,15.5,25
NAAA8EZ03B,infanzia statale,Rione ICAP,IC Mercogliano-Guadagni,Cimitile,NA,"Rione ICAP, 80030 Cimitile (NA)",081 5121358,naic8ez00c@istruzione.it,sì,https://www.comprensivoguadagni.edu.it,103,15.9,24
NAEE8EZ03L,primaria statale,Via Fratelli Mercogliano,IC Mercogliano-Guadagni,Cimitile,NA,"Via Fratelli Mercogliano, 80030 Cimitile (NA)",081 5127062,naic8ez00c@istruzione.it,sì,https://www.comprensivoguadagni.edu.it,240,15.9,24
NAEE8EZ01E,primaria statale,Via Trivice d'Ossa,IC Mercogliano-Guadagni,Cimitile,NA,"Via Trivice d'Ossa, 80030 Cimitile (NA)",081 5126576,naic8ez00c@istruzione.it,sì,https://www.comprensivoguadagni.edu.it,129,15.9,24
NA1A34500G,infanzia paritaria,Albero Azzurro,,Cimitile,NA,"Via San Francesco, 80030 Cimitile (NA)",081 5125215,alberazzurro@libero.it,sì,https://alberoazzurro.altervista.org,61,15.9,24
NAAA8C601L,infanzia statale,Capoluogo,IC 1 De Luca Picione-Giordano,Cercola,NA,"Corso Riccardi 385, 80040 Cercola (NA)",081 5551433,naic8c600q@istruzione.it,sì,,79,16.1,26
NAAA8C603P,infanzia statale,Caravita,IC 1 De Luca Picione-Giordano,Cercola,NA,"Via M. Serao, 80040 Cercola (NA)",081 5551433,naic8c600q@istruzione.it,sì,,58,16.1,26
NAAA8C605R,infanzia statale,Tenente Barone,IC 1 De Luca Picione-Giordano,Cercola,NA,"Via Tenente Barone, 80040 Cercola (NA)",081 7331339,naic8c600q@istruzione.it,sì,,97,16.1,26
NAEE8C601T,primaria statale,Capoluogo,IC 1 De Luca Picione-Giordano,Cercola,NA,"Via Riccardi 383, 80040 Cercola (NA)",081 5551433,naic8c600q@istruzione.it,sì,,243,16.1,26
NAEE8C602V,primaria statale,Caravita,IC 1 De Luca Picione-Giordano,Cercola,NA,"Via Aldo Moro 2, 80040 Cercola (NA)",081 5551433,naic8c600q@istruzione.it,sì,,91,16.1,26
NAEE8C603X,primaria statale,Tenente Barone,IC 1 De Luca Picione-Giordano,Cercola,NA,"Via Tenente Barone, 80040 Cercola (NA)",081 7331339,naic8c600q@istruzione.it,sì,,151,16.1,26
NAAA85001V,infanzia statale,Parco Nanà,IC Custra,Cercola,NA,"Viale dei Fiori, 80040 Cercola (NA)",081 7332163,naic850002@istruzione.it,sì,https://www.iccustra.edu.it,72,16.1,26
NAAA85002X,infanzia statale,Via Campana,IC Custra,Cercola,NA,"Via Campana Rione INA Casa, 80040 Cercola (NA)",081 5551433,naic850002@istruzione.it,sì,https://www.iccustra.edu.it,76,16.1,26
NAEE850014,primaria statale,Modigliani,IC Custra,Cercola,NA,"Via Modigliani, 80040 Cercola (NA)",081 5552374,naic850002@istruzione.it,sì,https://www.iccustra.edu.it,354,16.1,26
NA1A49500D,infanzia paritaria,Baby Garden,,Cercola,NA,"Via Matteotti 40, 80040 Cercola (NA)",081 7333549,ninopina@fastwebnet.it,no: indirizzo personale,,56,16.1,26
NA1A36600L,infanzia paritaria,Figlie di Sant'Anna,,Cercola,NA,"Corso D. Riccardi 357, 80040 Cercola (NA)",081 7331135,scuolas.annacercola@libero.it,sì,,59,16.1,26
NA1A483007,infanzia paritaria,La Verde Isola del Sapere,,Cercola,NA,"Via Gandhi 30/b, 80040 Cercola (NA)",081 5312073,segreteria@verdeisola.it,sì,,161,16.1,26
NA1ACF5000,infanzia paritaria,Rainbow Playschool,,Cercola,NA,"Via Europa 3, 80040 Cercola (NA)",081 18096773,info@rainbowplayschool.it,sì,,63,16.1,26
NA1E23600T,primaria paritaria,Baby Garden,,Cercola,NA,"Via Matteotti 40, 80040 Cercola (NA)",340 138 2493,ninopina@fastwebnet.it,no: indirizzo personale,,59,16.1,26
NA1E13900C,primaria paritaria,Figlie di Sant'Anna,,Cercola,NA,"Via Riccardi 357, 80040 Cercola (NA)",081 7331135,scuolas.annacercola@libero.it,sì,,76,16.1,26
NA1E27400L,primaria paritaria,La Verde Isola del Sapere,,Cercola,NA,"Via Gandhi 30/b, 80040 Cercola (NA)",081 5312073,segreterialaverdeisola@gmail.com,sì,https://verdeisola.it,287,16.1,26
NAAA8CA01D,infanzia statale,Don Bosco,IC 1 Don Bosco-Melloni,Portici,NA,"Via Roma 32, 80055 Portici (NA)",081 482463,naic8ca00l@istruzione.it,sì,https://www.ic1donboscomelloni.edu.it,148,16.4,26
NAEE8CA01P,primaria statale,Don Bosco,IC 1 Don Bosco-Melloni,Portici,NA,"Via Roma 32, 80055 Portici (NA)",081 482463,naic8ca00l@istruzione.it,sì,https://www.ic1donboscomelloni.edu.it,360,16.4,26
NAAA8FW01C,infanzia statale,Via Bernini,IC 2 Da Vinci-Comes,Portici,NA,"Via Bernini 10, 80055 Portici (NA)",081 2154980,naic8fw00g@istruzione.it,sì,https://www.davincicomes.edu.it,190,16.4,26
NAEE8FW02P,primaria statale,Comes-Don Milani,IC 2 Da Vinci-Comes,Portici,NA,"Via C. Vittorio Veneto 19 bis, 80055 Portici (NA)",081 2246167,naic8fw00g@istruzione.it,sì,https://www.davincicomes.edu.it,109,16.4,26
NAEE8FW01N,primaria statale,Leonardo da Vinci,IC 2 Da Vinci-Comes,Portici,NA,"Via Bernini 10, 80055 Portici (NA)",081 2154980,naic8fw00g@istruzione.it,sì,https://www.davincicomes.edu.it,485,16.4,26
NAAA8BP02V,infanzia statale,De Sanctis,IC 3,Portici,NA,"Via San Cristofaro 56 bis, 80055 Portici (NA)",081 2137412,naic8bp001@istruzione.it,sì,http://istitutocomprensivoportici3.edu.it,79,16.4,26
NAAA8BP01T,infanzia statale,Via Lagno,IC 3,Portici,NA,"Via Scalea, 80058 Portici (NA)",081 2137412,naic8bp001@istruzione.it,sì,http://istitutocomprensivoportici3.edu.it,73,16.4,26
NAEE8BP024,primaria statale,De Sanctis,IC 3,Portici,NA,"Via San Cristofaro 56, 80055 Portici (NA)",081 2137412,naic8bp001@istruzione.it,sì,https://istitutocomprensivoportici3.edu.it,266,16.4,26
NAEE8BP013,primaria statale,Ina Casa,IC 3,Portici,NA,"Via Scalea, 80055 Portici (NA)",081 2137412,naic8bp001@istruzione.it,sì,https://istitutocomprensivoportici3.edu.it,104,16.4,26
NAAA8CC037,infanzia statale,Gradoni,IC 4 De Lauzieres,Portici,NA,"Piazzale Gradoni, 80055 Portici (NA)",081 2133200,naic8cc008@istruzione.it,sì,https://www.ic4delauzieresportici.edu.it,39,16.4,26
NAAA8CC026,infanzia statale,Salesiani,IC 4 De Lauzieres,Portici,NA,"Via Dalbono 23, 80055 Portici (NA)",081 2134087,naic8cc008@istruzione.it,sì,https://www.ic4delauzieresportici.edu.it,35,16.4,26
NAAA8CC015,infanzia statale,Salute,IC 4 De Lauzieres,Portici,NA,"Via Salute 45, 80055 Portici (NA)",081 2133240,naic8cc008@istruzione.it,sì,https://www.ic4delauzieresportici.edu.it,128,16.4,26
NAEE8CC01A,primaria statale,De Lauzieres,IC 4 De Lauzieres,Portici,NA,"Via Salute 45, 80055 Portici (NA)",081 2133240,naic8cc008@istruzione.it,sì,https://www.ic4delauzieresportici.edu.it,282,16.4,26
NAEE8CC02B,primaria statale,Salesiani,IC 4 De Lauzieres,Portici,NA,"Via Dalbono 23, 80055 Portici (NA)",081 2134087,naic8cc008@istruzione.it,sì,https://www.ic4delauzieresportici.edu.it,115,16.4,26
NAAA8FV04Q,infanzia statale,Via Caportano,IC 5 Santagata,Portici,NA,"Via Caportano 14bis, 80055 Portici (NA)",081 479776,naic8fv00q@istruzione.it,sì,https://www.ic5santagata.edu.it,71,16.4,26
NAAA8FV03P,infanzia statale,Via Tiziano,IC 5 Santagata,Portici,NA,"Via Poli - V. Tiziano 24, 80055 Portici (NA)",081 276780,naic8fv00q@istruzione.it,sì,https://www.ic5santagata.edu.it,56,16.4,26
NAEE8FV01T,primaria statale,San Giuseppe Moscati,IC 5 Santagata,Portici,NA,"Via Caportano, 80055 Portici (NA)",081 7761931,naic8fv00q@istruzione.it,sì,https://www.ic5santagata.edu.it,213,16.4,26
NA1ATO500M,infanzia paritaria,Happy Baby School,,Portici,NA,"Via V. Bianchi 3, 80055 Portici (NA)",081 7754314,hbschool@libero.it,sì,,13,16.4,26
NA1AAC500T,infanzia paritaria,Il Ciliegio,,Portici,NA,"Traversa Luigi Rocca 8, 80055 Portici (NA)",081 7764655,segreteria@scuolailciliegio.com,sì,https://www.scuolailciliegio.com,91,16.4,26
NA1A61800T,infanzia paritaria,La Casetta,,Portici,NA,"Corso Umberto I 5, 80055 Portici (NA)",081 7767680,scuolalacasetta_2007@libero.it,sì,,29,16.4,26
NA1A38100P,infanzia paritaria,La Girandola,,Portici,NA,"Via Madonnelle 21, 80055 Portici (NA)",081 7766711,segreteria@scuolalagirandola.it,sì,https://www.scuolalagirandola.it,68,16.4,26
NA1A38200E,infanzia paritaria,Missionarie Catechiste del Sacro Cuore,,Portici,NA,"Via Zumbini 38, 80055 Portici (NA)",081 7765442,albadellipaoli@virgilio.it,no: indirizzo personale,,25,16.4,26
NA1A199006,infanzia paritaria,Rossini,,Portici,NA,"Corso Garibaldi 197, 80055 Portici (NA)",081 473068,rossiniportici@libero.it,sì,,98,16.4,26
NA1A37800V,infanzia paritaria,Umberto I,,Portici,NA,"Via Gianturco 36, 80055 Portici (NA)",081 9229593,scuola.infanzia@comune.portici.na.it,sì,,48,16.4,26
NA1E247008,primaria paritaria,La Casetta,,Portici,NA,"Corso Umberto I 5, 80055 Portici (NA)",081 7767680,scuolalacasetta_2007@libero.it,sì,,36,16.4,26
NA1E14500Q,primaria paritaria,La Girandola,,Portici,NA,"Via Madonnelle a San Pietro 21, 80055 Portici (NA)",081 7766711,segreteria@scuolalagirandola.it,sì,,110,16.4,26
NA1E14400X,primaria paritaria,Missionarie Catechiste del Sacro Cuore,,Portici,NA,"Via Zumbini 38, 80055 Portici (NA)",081 7765442,albadellipaoli@virgilio.it,no: indirizzo personale,https://www.scuolasacrocuoreportici.it,80,16.4,26
NA1E355008,primaria paritaria,Rossini,,Portici,NA,"Corso G. Garibaldi 197, 80055 Portici (NA)",081 473068,rossiniportici@libero.it,sì,,,16.4,26
NAAA8HX01D,infanzia statale,Via Bellini,IC Brusciano Capoluogo,Brusciano,NA,"Via Bellini, 80031 Brusciano (NA)",081 8861345,naic8hx00l@istruzione.it,sì,,117,16.7,28
NAEE8HX01P,primaria statale,Capoluogo,IC Brusciano Capoluogo,Brusciano,NA,"Via Marconi, 80031 Brusciano (NA)",081 8861345,naic8hx00l@istruzione.it,sì,,398,16.7,28
NAEE8HX02Q,primaria statale,Quattromani,IC Brusciano Capoluogo,Brusciano,NA,"Via Quattromani, 80031 Brusciano (NA)",081 8861217,naic8hx00l@istruzione.it,sì,,129,16.7,28
NAAA8EK01E,infanzia statale,Don Milani,IC De Filippo-De Ruggiero,Brusciano,NA,"Piazza San Giovanni, 80031 Brusciano (NA)",081 5190813,naic8ek00n@istruzione.it,sì,https://www.icdefilippoderuggiero.edu.it,84,16.7,28
NAEE8EK01Q,primaria statale,Antonio De Curtis,IC De Filippo-De Ruggiero,Brusciano,NA,"Piazza San Giovanni 4, 80031 Brusciano (NA)",081 5190704,naic8ek00n@istruzione.it,sì,https://www.icdefilippoderuggiero.edu.it,73,16.7,28
NA1A54400D,infanzia paritaria,La Coccinella,,Brusciano,NA,"Via Padula 215, 80031 Brusciano (NA)",081 8861801,allacoccinella@virgilio.it,sì,,60,16.7,28
NA1A43000P,infanzia paritaria,La Sirenetta,,Brusciano,NA,"Via Guido De Ruggiero 39, 80031 Brusciano (NA)",375 709 7178,scuolasirenetta@alice.it,sì,,50,16.7,28
NA1A70600C,infanzia paritaria,Maria Cristina Brando,,Brusciano,NA,"Viale Europa 25, 80031 Brusciano (NA)",081 8861275,s.vittimespiatrici.gs@virgilio.it,sì,,35,16.7,28
NA1A348003,infanzia paritaria,Piccole Ancelle di Cristo Re,,Brusciano,NA,"Via Nazionale 18, 80031 Brusciano (NA)",081 8861943,cristoreportici@libero.it,sì,,16,16.7,28
NA1E13100T,primaria paritaria,Piccole Ancelle di Cristo Re,,Brusciano,NA,"Via Nazionale 18, 80031 Brusciano (NA)",081 8861943,cristoreportici@libero.it,sì,,83,16.7,28
NAAA8HX02E,infanzia statale,Grazia Deledda,IC Brusciano Capoluogo,Castello di Cisterna,NA,"Via Madonna Stella Traversa Cimabue, 80030 Castello di Cisterna (NA)",081 8033415,naic8hx00l@istruzione.it,sì,,34,16.8,25
NAEE8HX03R,primaria statale,Sciascia,IC Brusciano Capoluogo,Castello di Cisterna,NA,"Via Giovanni XXIII, 80030 Castello di Cisterna (NA)",081 8032175,naic8hx00l@istruzione.it,sì,,66,16.8,25
NA1A60600G,infanzia paritaria,Principessa di Piemonte,,Castello di Cisterna,NA,"Via Madonna Stella 9, 80030 Castello di Cisterna (NA)",081 8841608,svegscisterna@virgilio.it,sì,,33,16.8,25
NAAA868014,infanzia statale,Papa Giovanni XXIII,IC Carducci,Mariglianella,NA,"Via Torino 7, 80030 Mariglianella (NA)",081 8854347,naic868007@istruzione.it,sì,https://www.icscarduccimariglianella.edu.it,128,16.8,28
NAEE868019,primaria statale,Via Materdomini,IC Carducci,Mariglianella,NA,"Via Materdomini, 80030 Mariglianella (NA)",081 8854347,naic868007@istruzione.it,sì,https://www.icscarduccimariglianella.edu.it,278,16.8,28
NA1A4V500B,infanzia paritaria,Infanzia,,Mariglianella,NA,"Via Umberto I 125, 80030 Mariglianella (NA)",081 3778938,infanziasrl@gmail.com,sì,,89,16.8,28
NAAA8FE01L,infanzia statale,Capobianco,IC 2 Massaia,San Giorgio a Cremano,NA,"Via Galante 30, 80046 San Giorgio a Cremano (NA)",081 483031,naic8fe00q@istruzione.it,sì,https://www.ic2massaia.edu.it,25,17.0,29
NAAA8FE02N,infanzia statale,Gramsci,IC 2 Massaia,San Giorgio a Cremano,NA,"Corso Umberto 70, 80046 San Giorgio a Cremano (NA)",081 471420,naic8fe00q@istruzione.it,sì,https://www.ic2massaia.edu.it,111,17.0,29
NAAA8FE03P,infanzia statale,Via Pessina,IC 2 Massaia,San Giorgio a Cremano,NA,"Via Pessina, 80046 San Giorgio a Cremano (NA)",081 483031,naic8fe00q@istruzione.it,sì,https://www.ic2massaia.edu.it,13,17.0,29
NAEE8FE02V,primaria statale,Capobianco,IC 2 Massaia,San Giorgio a Cremano,NA,"Via Galante 40, 80046 San Giorgio a Cremano (NA)",081 274048,naic8fe00q@istruzione.it,sì,https://www.ic2massaia.edu.it,70,17.0,29
NAEE8FE01T,primaria statale,Giuseppe Mazzini,IC 2 Massaia,San Giorgio a Cremano,NA,"Corso Umberto, 80046 San Giorgio a Cremano (NA)",081 472383,naic8fe00q@istruzione.it,sì,https://www.ic2massaia.edu.it,159,17.0,29
NAAA8FF01C,infanzia statale,Formisano,IC 3 Dorso,San Giorgio a Cremano,NA,"Viale Formisano, 80046 San Giorgio a Cremano (NA)",081 5745780,naic8ff00g@istruzione.it,sì,https://www.icdonmilanidorso.edu.it,26,17.0,29
NAAA8FF02D,infanzia statale,Pittore,IC 3 Dorso,San Giorgio a Cremano,NA,"Via Cupa San Michele 32, 80046 San Giorgio a Cremano (NA)",081 5743410,naic8ff00g@istruzione.it,sì,https://www.icdonmilanidorso.edu.it,116,17.0,29
NAEE8FF01N,primaria statale,Don Milani,IC 3 Dorso,San Giorgio a Cremano,NA,"Via Cupa San Michele 32, 80046 San Giorgio a Cremano (NA)",081 5743410,naic8ff00g@istruzione.it,sì,https://www.icdonmilanidorso.edu.it,276,17.0,29
NAEE8FF02P,primaria statale,Formisano,IC 3 Dorso,San Giorgio a Cremano,NA,"Viale Formisano, 80046 San Giorgio a Cremano (NA)",081 5745780,naic8ff00g@istruzione.it,sì,https://www.icdonmilanidorso.edu.it,86,17.0,29
NAAA8FG04B,infanzia statale,Cappiello,IC 4 Stanziale,San Giorgio a Cremano,NA,"Via Cappiello, 80046 San Giorgio a Cremano (NA)",081 470664,naic8fg00b@istruzione.it,sì,https://www.icquartostanziale.edu.it,36,17.0,29
NAAA8FG018,infanzia statale,San Martino,IC 4 Stanziale,San Giorgio a Cremano,NA,"Via San Martino, 80046 San Giorgio a Cremano (NA)",081 470664,naic8fg00b@istruzione.it,sì,https://www.icquartostanziale.edu.it,50,17.0,29
NAAA8FG029,infanzia statale,Sandriana,IC 4 Stanziale,San Giorgio a Cremano,NA,"Via A. Noschese, 80046 San Giorgio a Cremano (NA)",081 470664,naic8fg00b@istruzione.it,sì,https://www.icquartostanziale.edu.it,49,17.0,29
NAAA8FG03A,infanzia statale,Via Marconi,IC 4 Stanziale,San Giorgio a Cremano,NA,"Via Marconi, 80046 San Giorgio a Cremano (NA)",081 470664,naic8fg00b@istruzione.it,sì,https://www.icquartostanziale.edu.it,19,17.0,29
NAEE8FG01D,primaria statale,Sant'Agnello,IC 4 Stanziale,San Giorgio a Cremano,NA,"Via Cappiello 43, 80046 San Giorgio a Cremano (NA)",081 5654518,naic8fg00b@istruzione.it,sì,https://www.icquartostanziale.edu.it,150,17.0,29
NAEE8FG02E,primaria statale,Via Noschese,IC 4 Stanziale,San Giorgio a Cremano,NA,"Via Noschese, 80046 San Giorgio a Cremano (NA)",081 2551684,naic8fg00b@istruzione.it,sì,https://www.icquartostanziale.edu.it,222,17.0,29
NAAA8AN02L,infanzia statale,Brodolini,IC De Filippo,San Giorgio a Cremano,NA,"Via Giacomo Brodolini 22, 80046 San Giorgio a Cremano (NA)",081 5654517,naic8an003@istruzione.it,sì,https://www.istitutodefilippo.edu.it,87,17.0,29
NAAA8AN01X,infanzia statale,Via Cavalli di Bronzo,IC De Filippo,San Giorgio a Cremano,NA,"Via Cavalli di Bronzo 50, 80046 San Giorgio a Cremano (NA)",081 7751493,naic8an003@istruzione.it,sì,https://www.istitutodefilippo.edu.it,102,17.0,29
NAEE8AN015,primaria statale,Via Cavalli di Bronzo,IC De Filippo,San Giorgio a Cremano,NA,"Via Cavalli di Bronzo 50, 80046 San Giorgio a Cremano (NA)",081 7751493,naic8an003@istruzione.it,sì,https://www.istitutodefilippo.edu.it,214,17.0,29
NAAA8FD02T,infanzia statale,Loris Malaguzzi,IC Massimo Troisi,San Giorgio a Cremano,NA,"Via Pini di Solimena 31, 80046 San Giorgio a Cremano (NA)",7713736,naic8fd00x@istruzione.it,sì,https://www.icmassimotroisisangiorgioacremano.edu.it,171,17.0,29
NAEE8FD023,primaria statale,Gianni Rodari,IC Massimo Troisi,San Giorgio a Cremano,NA,"Via Pini di Solimena 31, 80046 San Giorgio a Cremano (NA)",081 7713736,naic8fd00x@istruzione.it,sì,https://www.icmassimotroisisangiorgioacremano.edu.it,361,17.0,29
NAEE8FD012,primaria statale,Massimo Troisi,IC Massimo Troisi,San Giorgio a Cremano,NA,"Via E. Gianturco 75, 80046 San Giorgio a Cremano (NA)",081 7713736,naic8fd00x@istruzione.it,sì,https://www.icmassimotroisisangiorgioacremano.edu.it,172,17.0,29
NA1A371004,infanzia paritaria,I Cuccioli,,San Giorgio a Cremano,NA,"Via Manzoni 210, 80046 San Giorgio a Cremano (NA)",081 19567611,laprimaveradeicuccioli@gmail.com,sì,,30,17.0,29
NA1A37200X,infanzia paritaria,L'Arcobaleno,,San Giorgio a Cremano,NA,"Via Pittore 203, 80046 San Giorgio a Cremano (NA)",7716083,arcobaleno98@libero.it,sì,,75,17.0,29
NA1A12000D,infanzia paritaria,Regina Mundi,,San Giorgio a Cremano,NA,"Via Salvo D'Acquisto 26, 80046 San Giorgio a Cremano (NA)",081 7711377,reginamundi2005@libero.it,sì,,43,17.0,29
NA1A730009,infanzia paritaria,Regina dei Gigli,,San Giorgio a Cremano,NA,"Viale Regina dei Gigli 1, 80046 San Giorgio a Cremano (NA)",081 476303,reginadeigigli@libero.it,sì,,106,17.0,29
NA1E029001,primaria paritaria,Maria Santissima Addolorata,,San Giorgio a Cremano,NA,"Via Salvo D'Acquisto, 80046 San Giorgio a Cremano (NA)",081 07711377,reginamundi2005@libero.it,sì,,113,17.0,29
NA1E27800X,primaria paritaria,Regina dei Gigli,,San Giorgio a Cremano,NA,"Viale Regina dei Gigli 1, 80046 San Giorgio a Cremano (NA)",081 476303,reginadeigigli@libero.it,sì,,160,17.0,29
NAAA8EZ02A,infanzia statale,Gescal,IC Mercogliano-Guadagni,Comiziano,NA,"Via Comiziano GESCAL, 80030 Comiziano (NA)",081 8297013,naic8ez00c@istruzione.it,sì,https://www.comprensivoguadagni.it,52,17.3,28
NAEE8EZ02G,primaria statale,Capoluogo,IC Mercogliano-Guadagni,Comiziano,NA,"Comiziano Capoluogo, 80030 Comiziano (NA)",081 8297186,naic8ez00c@istruzione.it,sì,https://www.comprensivoguadagni.edu.it,117,17.3,28
NA1A57900C,infanzia paritaria,Piccoli Amici,,Comiziano,NA,"Via Provinciale per Risigliano 36, 80030 Comiziano (NA)",081 8298519,piccoli_amici@libero.it,sì,,,17.3,28
NAAA8EX04R,infanzia statale,Via Siciliano,IC Bovio-Pontillo-Pascoli,Camposano,NA,"Via F. Siciliano, 80030 Camposano (NA)",081 8265618,naic8ex00r@istruzione.it,sì,https://www.istitutocomprensivodicicciano.edu.it,40,17.4,27
NAEE8EX042,primaria statale,Via Rispoli,IC Bovio-Pontillo-Pascoli,Camposano,NA,"Via Rispoli 18, 80030 Camposano (NA)",081 8248720,naic8ex00r@istruzione.it,sì,https://www.istitutocomprensivodicicciano.edu.it,111,17.4,27
NA1A51400N,infanzia paritaria,La Casa dei Bambini,,Camposano,NA,"Via Provinciale Traversa Passariello, 80030 Camposano (NA)",339 289 7889,seby.notaro12@libero.it,no: indirizzo personale,,9,17.4,27
NA1A3O500M,infanzia paritaria,La Culla dei Sogni,,Camposano,NA,"Via Marconi 52, 80030 Camposano (NA)",320 974 1363,laculladeisogni2018@libero.it,sì,,24,17.4,27
NAAA8G101X,infanzia statale,Elsa Morante,IC 1 D'Acquisto-Leone,Pomigliano d'Arco,NA,"Via Leonardo da Vinci, 80038 Pomigliano d'Arco (NA)",081 8032746,naic8g1003@istruzione.it,sì,https://www.ic1dacquistoleone.edu.it,152,17.4,28
NAEE8G1015,primaria statale,Salvo D'Acquisto,IC 1 D'Acquisto-Leone,Pomigliano d'Arco,NA,"Via Indipendenza 1, 80038 Pomigliano d'Arco (NA)",081 3177304,naic8g1003@istruzione.it,sì,https://www.ic1dacquistoleone.edu.it,512,17.4,28
NAAA8JC021,infanzia statale,Gianni Rodari,IC 2 Ponte-Omero,Pomigliano d'Arco,NA,"Via C. Guadagno, 80038 Pomigliano d'Arco (NA)",081 8842290,naic8jc003@istruzione.it,sì,,58,17.4,28
NAAA8JC043,infanzia statale,Mazzini,IC 2 Ponte-Omero,Pomigliano d'Arco,NA,"Via Mazzini 47, 80038 Pomigliano d'Arco (NA)",081 8034868,naic8jc003@istruzione.it,sì,,55,17.4,28
NAAA8JC01X,infanzia statale,Ponte,IC 2 Ponte-Omero,Pomigliano d'Arco,NA,"Via Roma 24, 80038 Pomigliano d'Arco (NA)",081 3177300,naic8jc003@istruzione.it,sì,,108,17.4,28
NAEE8JC037,primaria statale,Gianni Rodari,IC 2 Ponte-Omero,Pomigliano d'Arco,NA,"Via C. Guadagno, 80038 Pomigliano d'Arco (NA)",081 8842290,naic8jc003@istruzione.it,sì,,139,17.4,28
NAEE8JC015,primaria statale,Mazzini,IC 2 Ponte-Omero,Pomigliano d'Arco,NA,"Via Mazzini 47, 80038 Pomigliano d'Arco (NA)",081 8034868,naic8jc003@istruzione.it,sì,,143,17.4,28
NAEE8JC026,primaria statale,Ponte,IC 2 Ponte-Omero,Pomigliano d'Arco,NA,"Via Roma, 80038 Pomigliano d'Arco (NA)",081 3177300,naic8jc003@istruzione.it,sì,,277,17.4,28
NAAA8JD02R,infanzia statale,Paciano,IC 3 Catullo,Pomigliano d'Arco,NA,"Via San Giusto 47, 80038 Pomigliano d'Arco (NA)",081 8037738,naic8jd00v@istruzione.it,sì,,47,17.4,28
NAAA8JD01Q,infanzia statale,Sulmona,IC 3 Catullo,Pomigliano d'Arco,NA,"Via Sandro Pertini 35, 80038 Pomigliano d'Arco (NA)",081 3177296,naic8jd00v@istruzione.it,sì,,119,17.4,28
NAEE8JD011,primaria statale,Fiume,IC 3 Catullo,Pomigliano d'Arco,NA,"Via Torino, 80038 Pomigliano d'Arco (NA)",081 8032626,naic8jd00v@istruzione.it,sì,,81,17.4,28
NAEE8JD033,primaria statale,Paciano,IC 3 Catullo,Pomigliano d'Arco,NA,"Via San Giusto 47, 80038 Pomigliano d'Arco (NA)",081 8037738,naic8jd00v@istruzione.it,sì,,75,17.4,28
NAEE8JD022,primaria statale,Sulmona,IC 3 Catullo,Pomigliano d'Arco,NA,"Via Sandro Pertini 35, 80038 Pomigliano d'Arco (NA)",081 3177296,naic8jd00v@istruzione.it,sì,,248,17.4,28
NAAA8JE03N,infanzia statale,Buonpensiero I,IC 4 Falcone,Pomigliano d'Arco,NA,"Via Nilde Iotti 14, 80038 Pomigliano d'Arco (NA)",081 8035338,naic8je00p@istruzione.it,sì,,41,17.4,28
NAAA8JE02L,infanzia statale,Buonpensiero II,IC 4 Falcone,Pomigliano d'Arco,NA,"Via J. Palach, 80038 Pomigliano d'Arco (NA)",081 8033706,naic8je00p@istruzione.it,sì,,10,17.4,28
NAAA8JE04P,infanzia statale,Cirino,IC 4 Falcone,Pomigliano d'Arco,NA,"Via Buonpensiero Masseria Cirino, 80038 Pomigliano d'Arco (NA)",081 8035296,naic8je00p@istruzione.it,sì,,23,17.4,28
NAAA8JE06R,infanzia statale,Don Lorenzo Milani,IC 4 Falcone,Pomigliano d'Arco,NA,"Via Indira Gandhi, 80038 Pomigliano d'Arco (NA)",081 8030020,naic8je00p@istruzione.it,sì,,86,17.4,28
NAAA8JE05Q,infanzia statale,F.lli Bandiera,IC 4 Falcone,Pomigliano d'Arco,NA,"Via Miccoli 75, 80038 Pomigliano d'Arco (NA)",081 8034805,naic8je00p@istruzione.it,sì,,29,17.4,28
NAAA8JE07T,infanzia statale,Salesiani,IC 4 Falcone,Pomigliano d'Arco,NA,"Via Torino, 80038 Pomigliano d'Arco (NA)",081 8032626,naic8je00p@istruzione.it,sì,,75,17.4,28
NAAA8JE01G,infanzia statale,Siciliano,IC 4 Falcone,Pomigliano d'Arco,NA,"Via Principe di Piemonte, 80038 Pomigliano d'Arco (NA)",081 8842799,naic8je00p@istruzione.it,sì,,75,17.4,28
NAEE8JE02T,primaria statale,Buonpensiero,IC 4 Falcone,Pomigliano d'Arco,NA,"Via J. Palach 14, 80038 Pomigliano d'Arco (NA)",081 3177295,naic8je00p@istruzione.it,sì,,54,17.4,28
NAEE8JE03V,primaria statale,Cirino,IC 4 Falcone,Pomigliano d'Arco,NA,"Via Buonpensiero Masseria Cirino, 80038 Pomigliano d'Arco (NA)",081 8035296,naic8je00p@istruzione.it,sì,,59,17.4,28
NAEE8JE051,primaria statale,Don Lorenzo Milani,IC 4 Falcone,Pomigliano d'Arco,NA,"Via Indira Gandhi, 80038 Pomigliano d'Arco (NA)",081 8030020,naic8je00p@istruzione.it,sì,,270,17.4,28
NAEE8JE04X,primaria statale,F.lli Bandiera,IC 4 Falcone,Pomigliano d'Arco,NA,"Via Cosimo Miccoli 75, 80038 Pomigliano d'Arco (NA)",081 8034805,naic8je00p@istruzione.it,sì,,167,17.4,28
NAEE8JE01R,primaria statale,Siciliano,IC 4 Falcone,Pomigliano d'Arco,NA,"Via P. di Piemonte, 80038 Pomigliano d'Arco (NA)",081 3177303,naic8je00p@istruzione.it,sì,,98,17.4,28
NA1A688004,infanzia paritaria,Andreina Caiazzo,,Pomigliano d'Arco,NA,"Via F. Terracciano 143, 80038 Pomigliano d'Arco (NA)",081 8841366,pomiglianoinfanzia@libero.it,sì,,44,17.4,28
NA1AU1500O,infanzia paritaria,Come una Mamma,,Pomigliano d'Arco,NA,"Via Roma 358, 80038 Pomigliano d'Arco (NA)",,info@comeunamamma.it,sì,,47,17.4,28
NA1A186004,infanzia paritaria,Duchessa Elena d'Aosta,,Pomigliano d'Arco,NA,"Via M.R. Imbriani 69, 80038 Pomigliano d'Arco (NA)",081 8841366,pomiglianoinfanzia@gmail.com,sì,https://fondazionepomiglianoinfanzia.it,36,17.4,28
NA1AGI5007,infanzia paritaria,Il Pulcino,,Pomigliano d'Arco,NA,"Via Nazionale delle Puglie Nn. 185/191, 80038 Pomigliano d'Arco (NA)",081 19245814,ilpulcino.scmaterna@libero.it,sì,,43,17.4,28
NA1A72700D,infanzia paritaria,Infanzia Felice,,Pomigliano d'Arco,NA,"Via Aurora -Parco Aurora 1, 80038 Pomigliano d'Arco (NA)",081 8036876,mariaannamercadante@libero.it,no: indirizzo personale,,17,17.4,28
NA1A728009,infanzia paritaria,Italo Calvino,,Pomigliano d'Arco,NA,"Via Roma 6, 80038 Pomigliano d'Arco (NA)",081 8846544,pomiglianoinfanzia@libero.it,sì,,18,17.4,28
NA1AF5500A,infanzia paritaria,L'Incanto,,Pomigliano d'Arco,NA,"Viale Gandhi, 80038 Pomigliano d'Arco (NA)",,nidoincanto@gmail.com,sì,,45,17.4,28
NA1A63000C,infanzia paritaria,La Casa del Bambino,,Pomigliano d'Arco,NA,"Via G. Luraghi Lotto D, 80038 Pomigliano d'Arco (NA)",081 6128887,lacasadelbambinosrl@gmail.com,sì,,47,17.4,28
NA1A73300R,infanzia paritaria,Les Enfants,,Pomigliano d'Arco,NA,"Via Francesco Petrarca, 80038 Pomigliano d'Arco (NA)",081 19203334,lucia.mercadante@libero.it,no: indirizzo personale,,14,17.4,28
NAAA8AM03T,infanzia statale,Arola,IC 2 Caulino,Vico Equense,NA,"Via R. Bosco -Arola, 80069 Vico Equense (NA)",081 8024070,naic8am007@istruzione.it,sì,https://www.istitutocomprensivocaulino.it,42,17.4,32
NAAA8AM02R,infanzia statale,Massaquano,IC 2 Caulino,Vico Equense,NA,"Via del Monte 3, 80069 Vico Equense (NA)",081 8016250,naic8am007@istruzione.it,sì,https://www.istitutocomprensivocaulino.it,95,17.4,32
NAAA8AM014,infanzia statale,Moiano,IC 2 Caulino,Vico Equense,NA,"Via R. Bosco 539, 80069 Vico Equense (NA)",081 8023094,naic8am007@istruzione.it,sì,https://www.istitutocomprensivocaulino.it,59,17.4,32
NAEE8AM033,primaria statale,Arola,IC 2 Caulino,Vico Equense,NA,"Via R. Bosco - Arola, 80069 Vico Equense (NA)",081 8024070,naic8am007@istruzione.it,sì,https://www.istitutocomprensivocaulino.it,122,17.4,32
NAEE8AM019,primaria statale,Moiano,IC 2 Caulino,Vico Equense,NA,"Via R. Bosco 22, 80069 Vico Equense (NA)",081 8023094,naic8am007@istruzione.it,sì,https://www.istitutocomprensivocaulino.it,194,17.4,32
NAEE8AM022,primaria statale,Sant'Andrea,IC 2 Caulino,Vico Equense,NA,"Via Sopra la Croce 7, 80069 Vico Equense (NA)",081 8790850,naic8am007@istruzione.it,sì,https://www.istitutocomprensivocaulino.it,162,17.4,32
NAAA8GG01V,infanzia statale,Via Sconduci,IC Giambattista della Porta,Vico Equense,NA,"Via Sconduci 12, 80069 Vico Equense (NA)",081 0097283,naic8gg002@istruzione.it,sì,https://www.icgianbattistadellaportavico.edu.it,177,17.4,32
NAEE8GG014,primaria statale,Via Sconduci,IC Giambattista della Porta,Vico Equense,NA,"Via Sconduci 12, 80069 Vico Equense (NA)",081 8019612,naic8gg002@istruzione.it,sì,https://www.icgianbattistadellaportavico.edu.it,285,17.4,32
NA1A03900N,infanzia paritaria,Rosalia Masturzi Ravel,,Vico Equense,NA,"Via Masturzo 34, 80069 Vico Equense (NA)",081 8024086,scuolamaterna.arola@libero.it,sì,,63,17.4,32
NA1A50500V,infanzia paritaria,San Renato,,Vico Equense,NA,"Via Cognulo 1, 80060 Vico Equense (NA)",081 8023093,suoremoiano@virgilio.it,sì,,,17.4,32
NAAA8FX029,infanzia statale,Risigliano,IC Roccarainola,Tufino,NA,"Via Don Nicola Biondi, 80030 Tufino (NA)",081 8298687,naic8fx00b@istruzione.it,sì,https://www.icroccarainola.edu.it,32,17.7,27
NAEE8FX01D,primaria statale,Capoluogo,IC Roccarainola,Tufino,NA,"Corso Garibaldi, 80030 Tufino (NA)",081 8297213,naic8fx00b@istruzione.it,sì,https://www.icroccarainola.edu.it,72,17.7,27
SAAA8BZ054,infanzia statale,Della Corte,IC Balzico-Giovanni XXIII,Cava de' Tirreni,SA,"Via della Corte, 84013 Cava de' Tirreni (SA)",089 2966890,saic8bz003@istruzione.it,sì,https://www.icscuolabalzico.it,30,18.2,26
SAAA8BZ021,infanzia statale,Mamma Lucia,IC Balzico-Giovanni XXIII,Cava de' Tirreni,SA,"Via Filangieri, 84013 Cava de' Tirreni (SA)",089 682185,saic8bz003@istruzione.it,sì,https://www.icscuolabalzico.it,58,18.2,26
SAAA8BZ065,infanzia statale,San Cesareo,IC Balzico-Giovanni XXIII,Cava de' Tirreni,SA,"Via Francesco Vecchione, 84013 Cava de' Tirreni (SA)",089 2966890,saic8bz003@istruzione.it,sì,https://www.icscuolabalzico.it,18,18.2,26
SAAA8BZ032,infanzia statale,Sant'Arcangelo,IC Balzico-Giovanni XXIII,Cava de' Tirreni,SA,"Via Ido Longo, 84013 Cava de' Tirreni (SA)",089 682186,saic8bz003@istruzione.it,sì,https://www.icscuolabalzico.it,31,18.2,26
SAAA8BZ01X,infanzia statale,Santa Maria del Rovo,IC Balzico-Giovanni XXIII,Cava de' Tirreni,SA,"Via Santa Maria del Rovo, 84013 Cava de' Tirreni (SA)",089 682440,saic8bz003@istruzione.it,sì,https://www.icscuolabalzico.it,39,18.2,26
SAEE8BZ048,primaria statale,San Cesareo,IC Balzico-Giovanni XXIII,Cava de' Tirreni,SA,"Via F. Vecchione, 84013 Cava de' Tirreni (SA)",089 2966890,saic8bz003@istruzione.it,sì,https://www.icscuolabalzico.it,19,18.2,26
SAEE8BZ015,primaria statale,San Martino,IC Balzico-Giovanni XXIII,Cava de' Tirreni,SA,"Via San Martino, 84013 Cava de' Tirreni (SA)",089 682442,saic8bz003@istruzione.it,sì,https://www.icscuolabalzico.it,87,18.2,26
SAEE8BZ026,primaria statale,Sant'Arcangelo,IC Balzico-Giovanni XXIII,Cava de' Tirreni,SA,"Via Ido Longo, 84013 Cava de' Tirreni (SA)",089 2966886,saic8bz003@istruzione.it,sì,https://www.icscuolabalzico.it,59,18.2,26
SAEE8BZ037,primaria statale,Via della Corte,IC Balzico-Giovanni XXIII,Cava de' Tirreni,SA,84013 Cava de' Tirreni (SA),089 2966890,saic8bz003@istruzione.it,sì,https://www.icscuolabalzico.it,93,18.2,26
SAAA8A302B,infanzia statale,Corso Umberto,IC Carducci-Trezza,Cava de' Tirreni,SA,"Corso Italia, 84013 Cava de' Tirreni (SA)",089 461345,saic8a300d@istruzione.it,sì,https://www.ic-carduccitrezza.edu.it,52,18.2,26
SAAA8A301A,infanzia statale,San Lorenzo,IC Carducci-Trezza,Cava de' Tirreni,SA,"Via Carlo Santoro, 84013 Cava de' Tirreni (SA)",089 461345,saic8a300d@istruzione.it,sì,https://www.ic-carduccitrezza.edu.it,114,18.2,26
SAAA8A303C,infanzia statale,Via Carillo,IC Carducci-Trezza,Cava de' Tirreni,SA,"Via Carillo, 84013 Cava de' Tirreni (SA)",089 463119,saic8a300d@istruzione.it,sì,https://www.ic-carduccitrezza.edu.it,34,18.2,26
SAEE8A301G,primaria statale,San Lorenzo,IC Carducci-Trezza,Cava de' Tirreni,SA,"Via Casa Apicella, 84013 Cava de' Tirreni (SA)",089 461345,saic8a300d@istruzione.it,sì,,312,18.2,26
SAEE8A302L,primaria statale,Via Balzico,IC Carducci-Trezza,Cava de' Tirreni,SA,"Via Balzico, 84013 Cava de' Tirreni (SA)",089 461345,saic8a300d@istruzione.it,sì,https://www.ic-carduccitrezza.edu.it,93,18.2,26
SAAA8B001D,infanzia statale,Don Bosco,IC Don Bosco,Cava de' Tirreni,SA,"Corso Mazzini 10, 84013 Cava de' Tirreni (SA)",089 464019,saic8b000l@istruzione.it,sì,https://www.icdonboscocava.it,112,18.2,26
SAAA8B002E,infanzia statale,Pisapia,IC Don Bosco,Cava de' Tirreni,SA,"Via Adinolfi, 84013 Cava de' Tirreni (SA)",089 682191,saic8b000l@istruzione.it,sì,https://www.icdonboscocava.it,48,18.2,26
SAEE8B001P,primaria statale,Don Bosco,IC Don Bosco,Cava de' Tirreni,SA,"Corso Mazzini, 84013 Cava de' Tirreni (SA)",089 464019,saic8b000l@istruzione.it,sì,https://www.icdonboscocava.it,402,18.2,26
SAEE8B002Q,primaria statale,Pisapia,IC Don Bosco,Cava de' Tirreni,SA,"Via A. Adinolfi, 84013 Cava de' Tirreni (SA)",089 682191,saic8b000l@istruzione.it,sì,https://www.icdonboscocava.it,93,18.2,26
SAAA8B2037,infanzia statale,Annunziata,IC San Nicola-Pregiato,Cava de' Tirreni,SA,"Via V. Galise, 84013 Cava de' Tirreni (SA)",089 2966861,saic8b2008@istruzione.it,sì,https://www.icstatalesannicola.edu.it,24,18.2,26
SAAA8B2059,infanzia statale,La Nostra Famiglia,IC San Nicola-Pregiato,Cava de' Tirreni,SA,"Via Margheri 20, 84013 Cava de' Tirreni (SA)",089 441094,saic8b2008@istruzione.it,sì,https://www.icstatalesannicola.edu.it,14,18.2,26
SAAA8B207B,infanzia statale,S. Lamberti,IC San Nicola-Pregiato,Cava de' Tirreni,SA,"Via A. Casaburi, 84013 Cava de' Tirreni (SA)",089 2966838,saic8b2008@istruzione.it,sì,https://www.icstatalesannicola.edu.it,24,18.2,26
SAAA8B206A,infanzia statale,San Nicola,IC San Nicola-Pregiato,Cava de' Tirreni,SA,"Via A. Salsano, 84013 Cava de' Tirreni (SA)",089 2966818,saic8b2008@istruzione.it,sì,https://www.icstatalesannicola.edu.it,62,18.2,26
SAAA8B2048,infanzia statale,San Pietro,IC San Nicola-Pregiato,Cava de' Tirreni,SA,"Via N. Longobardi, 84013 Cava de' Tirreni (SA)",089 42966849,saic8b2008@istruzione.it,sì,https://www.icstatalesannicola.edu.it,24,18.2,26
SAAA8B2015,infanzia statale,Sant'Anna a Scarico,IC San Nicola-Pregiato,Cava de' Tirreni,SA,"Via P. di Domenico, 84013 Cava de' Tirreni (SA)",089 2966846,saic8b2008@istruzione.it,sì,https://www.icstatalesannicola.edu.it,33,18.2,26
SAEE8B202B,primaria statale,Dupino,IC San Nicola-Pregiato,Cava de' Tirreni,SA,"Via G. Siani, 84013 Cava de' Tirreni (SA)",089 2966839,saic8b2008@istruzione.it,sì,https://www.icstatalesannicola.edu.it,18,18.2,26
SAEE8B203C,primaria statale,La Nostra Famiglia,IC San Nicola-Pregiato,Cava de' Tirreni,SA,"Via Marghieri 20, 84013 Cava de' Tirreni (SA)",089 441094,saic8b2008@istruzione.it,sì,https://www.icstatalesannicola.edu.it,16,18.2,26
SAEE8B201A,primaria statale,S. Lamberti,IC San Nicola-Pregiato,Cava de' Tirreni,SA,"Via A. Casaburi, 84010 Cava de' Tirreni (SA)",089 2966838,saic8b2008@istruzione.it,sì,https://www.icstatalesannicola.edu.it,41,18.2,26
SAEE8B207L,primaria statale,San Nicola,IC San Nicola-Pregiato,Cava de' Tirreni,SA,"Via Aniello Salsano, 84013 Cava de' Tirreni (SA)",089 2966818,saic8b2008@istruzione.it,sì,https://www.icstatalesannicola.edu.it,142,18.2,26
SAEE8B204D,primaria statale,San Pietro,IC San Nicola-Pregiato,Cava de' Tirreni,SA,"Via V. Galise 1, 84010 Cava de' Tirreni (SA)",089 2966849,saic8b2008@istruzione.it,sì,https://www.icstatalesannicola.edu.it,43,18.2,26
SAEE8B206G,primaria statale,Sant'Anna,IC San Nicola-Pregiato,Cava de' Tirreni,SA,"Via A. Vitale, 84013 Cava de' Tirreni (SA)",089 2966845,saic8b2008@istruzione.it,sì,https://www.icstatalesannicola.edu.it,81,18.2,26
SAEE8B205E,primaria statale,Santissima Annunziata,IC San Nicola-Pregiato,Cava de' Tirreni,SA,"Via L. Ferrara, 84013 Cava de' Tirreni (SA)",089 2966861,saic8b2008@istruzione.it,sì,https://www.icstatalesannicola.edu.it,50,18.2,26
SAAA8B1019,infanzia statale,Epitaffio,IC Santa Lucia,Cava de' Tirreni,SA,"Via G. Guarino, 84013 Cava de' Tirreni (SA)",089 2966847,saic8b100c@istruzione.it,sì,http://www.icsantaluciacava.edu.it,103,18.2,26
SAAA8B102A,infanzia statale,San Giuseppe,IC Santa Lucia,Cava de' Tirreni,SA,"Via XXV Luglio 222, 84013 Cava de' Tirreni (SA)",089 2966844,saic8b100c@istruzione.it,sì,http://www.icsantaluciacava.edu.it,31,18.2,26
SAAA8B103B,infanzia statale,Santa Lucia,IC Santa Lucia,Cava de' Tirreni,SA,"Via G. Vitale, 84013 Cava de' Tirreni (SA)",089 2966806,saic8b100c@istruzione.it,sì,http://www.icsantaluciacava.edu.it,98,18.2,26
SAEE8B102G,primaria statale,Epitaffio,IC Santa Lucia,Cava de' Tirreni,SA,"Via Gaudio Maiori, 84013 Cava de' Tirreni (SA)",089 2966848,saic8b100c@istruzione.it,sì,http://www.icsantaluciacava.edu.it,191,18.2,26
SAEE8B101E,primaria statale,San Giuseppe,IC Santa Lucia,Cava de' Tirreni,SA,"Via XXV Luglio 222, 84013 Cava de' Tirreni (SA)",089 2966844,saic8b100c@istruzione.it,sì,http://www.icsantaluciacava.edu.it,,18.2,26
SAEE8B103L,primaria statale,Santa Lucia,IC Santa Lucia,Cava de' Tirreni,SA,"Piazza F. Baldi, 84013 Cava de' Tirreni (SA)",089 2966809,saic8b100c@istruzione.it,sì,http://www.icsantaluciacava.edu.it,178,18.2,26
SA1A8N500C,infanzia paritaria,Piccoli Passi,,Cava de' Tirreni,SA,"Via Maggiore P. Formosa 9, 84013 Cava de' Tirreni (SA)",089 8424113,asilonidopiccolipassi@pec.it,no: casella PEC,http://www.asilonidopiccolipassi.com,17,18.2,26
SA1A05200E,infanzia paritaria,Raffaele Baldi,,Cava de' Tirreni,SA,"Piazza F. Baldi Ex Via Valle, 84010 Cava de' Tirreni (SA)",089 465109,scuolaraffaelebaldi@gmail.com,sì,,44,18.2,26
SA1A05100P,infanzia paritaria,San Michele Arcangelo,,Cava de' Tirreni,SA,"Via P. Siani 5, 84013 Cava de' Tirreni (SA)",089 344921,s.arcangeloscuola@tiscali.it,sì,https://www.scuoladimaurocava.it,67,18.2,26
SA1A05000V,infanzia paritaria,School of International Studies,,Cava de' Tirreni,SA,"Via Salvo D'Acquisto 3, 84013 Cava de' Tirreni (SA)",089 4689414,info@sisinternational.net,sì,https://sisinternational.net,20,18.2,26
SA1E00100G,primaria paritaria,Ernesto e Virginia Di Mauro,,Cava de' Tirreni,SA,"Via Siani 5 Frazione Sant'Arcangelo, 84013 Cava de' Tirreni (SA)",089 344921,s.arcangeloscuola@tiscali.it,sì,https://www.scuoladimaurocava.it,78,18.2,26
SA1E00200B,primaria paritaria,School of International Studies,,Cava de' Tirreni,SA,"Via Salvo D'Acquisto 3, 84013 Cava de' Tirreni (SA)",089 4689414,info@sisinternational.net,sì,https://sisinternational.net,61,18.2,26
AVAA86602P,infanzia statale,Capoluogo,IC Giovanni XXIII-Parini,Sperone,AV,"Via dei Funari, 83020 Sperone (AV)",081 5103638,avic86600r@istruzione.it,sì,https://www.icsgiovannixxiii-gparini.it,76,18.3,28
AVEE86602X,primaria statale,Via Sant'Elia,IC Giovanni XXIII-Parini,Sperone,AV,"Via Sant'Elia 0, 83020 Sperone (AV)",081 5103630,avic86600r@istruzione.it,sì,https://www.icsgiovannixxiii-gparini.it,140,18.3,28
NAAA875017,infanzia statale,Manzoni,IC Falcone,Volla,NA,"Via Manzoni, 80040 Volla (NA)",081 7731168,naic87500a@istruzione.it,sì,https://icsfalcone.edu.it,77,18.3,28
NAAA875028,infanzia statale,Via Famiglietti,IC Falcone,Volla,NA,"Via Petrarca, 80040 Volla (NA)",081 7731167,naic87500a@istruzione.it,sì,https://icsfalcone.edu.it,176,18.3,28
NAEE87501C,primaria statale,Via Manzoni,IC Falcone,Volla,NA,"Via Manzoni, 80040 Volla (NA)",081 7731168,naic87500a@istruzione.it,sì,https://icsfalcone.edu.it,343,18.3,28
NAAA8B802P,infanzia statale,Via De Carolis,IC San Giovanni Bosco-De Sica,Volla,NA,"Via De Carolis 2, 80040 Volla (NA)",081 7742411,naic8b800r@istruzione.it,sì,,74,18.3,28
NAAA8B801N,infanzia statale,Via Napoli,IC San Giovanni Bosco-De Sica,Volla,NA,"Via Napoli, 80040 Volla (NA)",081 7744805,naic8b800r@istruzione.it,sì,,93,18.3,28
NAEE8B8031,primaria statale,Filichito,IC San Giovanni Bosco-De Sica,Volla,NA,"Via Filichito, 80040 Volla (NA)",081 7742140,naic8b800r@istruzione.it,sì,,178,18.3,28
NAEE8B802X,primaria statale,Via Napoli,IC San Giovanni Bosco-De Sica,Volla,NA,"Via Napoli 35, 80040 Volla (NA)",081 7744805,naic8b800r@istruzione.it,sì,,297,18.3,28
NAEE8B801V,primaria statale,Via Rossi,IC San Giovanni Bosco-De Sica,Volla,NA,"Via Rossi 35, 80040 Volla (NA)",081 7742412,naic8b800r@istruzione.it,sì,,235,18.3,28
NAAA85701N,infanzia statale,Via Dante Alighieri,IC Serao,Volla,NA,"Via Dante Alighieri, 80040 Volla (NA)",081 7742414,naic85700r@istruzione.it,sì,https://www.icserao.edu.it,154,18.3,28
NAEE85701V,primaria statale,Via Famiglietti,IC Serao,Volla,NA,"Via Famiglietti, 80040 Volla (NA)",081 7731359,naic85700r@istruzione.it,sì,https://www.icserao.edu.it,433,18.3,28
NA1A370008,infanzia paritaria,Fantasilandia,,Volla,NA,"Via Edoardo De Filippo 80, 80040 Volla (NA)",081 18752528,scuolafantasilandia@virgilio.it,sì,,73,18.3,28
NA1A65600L,infanzia paritaria,Giovanni XXIII,,Volla,NA,"Via Tito Livio 21, 80040 Volla (NA)",081 7731038,cirespo@unina.it,no: indirizzo personale,,37,18.3,28
AVAA864023,infanzia statale,Via San Silvestro,IC Alessandro Manzoni,Mugnano del Cardinale,AV,"Via San Silvestro/via degli Innocenti, 83027 Mugnano del Cardinale (AV)",081 5112006,avic864005@istruzione.it,sì,https://www.icmanzoni.it,85,18.4,29
AVEE864028,primaria statale,Dottor Camillo Renzi,IC Alessandro Manzoni,Mugnano del Cardinale,AV,"Via Montevergine, 83027 Mugnano del Cardinale (AV)",081 5111380,avic864005@istruzione.it,sì,https://www.icmanzoni.it,193,18.4,29
AV1A8Z500C,infanzia paritaria,Ad Futura,,Mugnano del Cardinale,AV,"Via Borrelli Ex Stingone Località Masucci, 83100 Mugnano del Cardinale (AV)",,adastrariab@gmail.com,sì,,36,18.4,29
AV1AHS500Z,infanzia paritaria,L'Oasi dell'Infanzia,,Mugnano del Cardinale,AV,"Via S. Liberatore 61, 83027 Mugnano del Cardinale (AV)",392 299 0316,loasidellinfanzia@pec.it,no: casella PEC,,19,18.4,29
AV1A032004,infanzia paritaria,La Lanterna Magica,,Mugnano del Cardinale,AV,"Via Giovanni XXIII 14, 83027 Mugnano del Cardinale (AV)",081 5112088,lalanternamagica@libero.it,sì,,30,18.4,29
NAAA8EX02P,infanzia statale,Giambattista Basile,IC Bovio-Pontillo-Pascoli,Cicciano,NA,"Via Roccarainola, 80033 Cicciano (NA)",081 8248752,naic8ex00r@istruzione.it,sì,https://www.istitutocomprensivodicicciano.edu.it,104,18.6,28
NAAA8EX03Q,infanzia statale,Rodari,IC Bovio-Pontillo-Pascoli,Cicciano,NA,"Via degli Anemoni, Rione GESCAL, 80033 Cicciano (NA)",081 8264158,naic8ex00r@istruzione.it,sì,https://www.istitutocomprensivodicicciano.edu.it,58,18.6,28
NAEE8EX01V,primaria statale,Giovanni Bovio,IC Bovio-Pontillo-Pascoli,Cicciano,NA,"Via Marconi 5, 80033 Cicciano (NA)",081 8265166,naic8ex00r@istruzione.it,sì,https://www.istitutocomprensivodicicciano.edu.it,247,18.6,28
NAEE8EX02X,primaria statale,Pontillo,IC Bovio-Pontillo-Pascoli,Cicciano,NA,"Via degli Anemoni - Rione GESCAL, 80033 Cicciano (NA)",081 8264158,naic8ex00r@istruzione.it,sì,https://www.istitutocomprensivodicicciano.edu.it,89,18.6,28
NAEE8EX031,primaria statale,San Barbato,IC Bovio-Pontillo-Pascoli,Cicciano,NA,"Via G. Marconi 5, 80033 Cicciano (NA)",081 8248687,naic8ex00r@istruzione.it,sì,https://www.istitutocomprensivodicicciano.edu.it,150,18.6,28
NA1A347007,infanzia paritaria,Disney Park,,Cicciano,NA,"Piazza Giovanni XXIII, 80033 Cicciano (NA)",377 367 8053,gmarino841@gmail.com,no: indirizzo personale,,34,18.6,28
NA1AQH5008,infanzia paritaria,Maravilla,,Cicciano,NA,"Via Renola 7, 80033 Cicciano (NA)",081 8263197,info@scuolamaravilla.it,sì,,45,18.6,28
NA1A0Z500I,infanzia paritaria,Maravilla,,Cicciano,NA,"Piazzetta San Barbato 33, 80033 Cicciano (NA)",081 8262782,info@scuolamaravilla.it,sì,https://www.scuolamaravilla.it,45,18.6,28
NA1A01900C,infanzia paritaria,New Arcobaleno,,Cicciano,NA,"Piazza Matteotti 99, 80030 Cicciano (NA)",081 2355095,maddaloni1@libero.it,no: indirizzo personale,,55,18.6,28
NA1A439005,infanzia paritaria,Scuola Insieme,,Cicciano,NA,"Via S. Pertini 54, 80033 Cicciano (NA)",081 18207181,scuolainsieme@libero.it,sì,https://www.ipscuolainsieme.it,84,18.6,28
NA1E194001,primaria paritaria,Christkind,,Cicciano,NA,"Piazzetta San Barbato 33, 80033 Cicciano (NA)",081 8262782,info@scuolamaravilla.it,sì,,86,18.6,28
NA1E24900X,primaria paritaria,Scuola Insieme,,Cicciano,NA,"Via Sandro Pertini 54, 80033 Cicciano (NA)",081 18207181,scuolainsieme@libero.it,sì,https://www.ipscuolainsieme.it,90,18.6,28
AVAA86601N,infanzia statale,Via Angelo Scafuri,IC Giovanni XXIII-Parini,Baiano,AV,"Via A. Scafuri 9, 83022 Baiano (AV)",081 8243038,avic86600r@istruzione.it,sì,https://www.icsgiovannixxiii-gparini.it,105,18.7,29
AVEE86601V,primaria statale,Via Angelo Scafuri,IC Giovanni XXIII-Parini,Baiano,AV,"Via Angelo Scafuri 9, 83022 Baiano (AV)",081 8243038,avic86600r@istruzione.it,sì,https://www.icsgiovannixxiii-gparini.it,316,18.7,29
AVAA842015,infanzia statale,Via Francesco De Sanctis,IC Mons. Pasquale Guerriero,Avella,AV,"Via F. De Sanctis, 83021 Avella (AV)",081 8251353,avic842008@istruzione.it,sì,https://www.icavella.edu.it,101,18.9,31
AVEE84202B,primaria statale,Via Francesco De Sanctis,IC Mons. Pasquale Guerriero,Avella,AV,"Via De Sanctis, 83021 Avella (AV)",081 5103857,avic842008@istruzione.it,sì,https://www.icavella.it,232,18.9,31
AV1A01500A,infanzia paritaria,L'Arcobaleno,,Avella,AV,"Via Libertà 7, 83021 Avella (AV)",081 8259254,mimmosgambati@hotmail.it,no: indirizzo personale,,30,18.9,31
AV1A3L500E,infanzia paritaria,La Bacchetta Magica,,Avella,AV,"Via Antignano 8, 83021 Avella (AV)",339 644 1863,labacchettamagica021@libero.it,sì,,29,18.9,31
AV1A04700T,infanzia paritaria,San Vincenzo Pallotti,,Avella,AV,"Via San Vincenzo Pallotti 24, 83021 Avella (AV)",081 8251262,scuolasvpallotti@libero.it,sì,,30,18.9,31
AV1E00500N,primaria paritaria,San Vincenzo Pallotti,,Avella,AV,"Via San Vincenzo Pallotti 24, 83028 Avella (AV)",081 8251262,svpsrl2020@virgilio.it,sì,,47,18.9,31
SAAA8CD06L,infanzia statale,Costa,IC 2 Trotula de Ruggiero,Mercato San Severino,SA,"Piazza Padre Basilio Pergamo 10, 84085 Mercato San Severino (SA)",089 894815,saic8cd00e@istruzione.it,sì,https://www.ictrotuladeruggieromss.edu.it,17,18.9,23
SAAA8CD05G,infanzia statale,Luigi Cacciatori,IC 2 Trotula de Ruggiero,Mercato San Severino,SA,"Via Sant'Andrea Villani 8, 84085 Mercato San Severino (SA)",089 826551,saic8cd00e@istruzione.it,sì,https://www.ictrotuladeruggieromss.edu.it,20,18.9,23
SAAA8CD03D,infanzia statale,Piazza del Galdo,IC 2 Trotula de Ruggiero,Mercato San Severino,SA,"Via Domenico Cirillo 66, 84085 Mercato San Severino (SA)",089 894222,saic8cd00e@istruzione.it,sì,https://www.ictrotuladeruggieromss.edu.it,38,18.9,23
SAAA8CD07N,infanzia statale,San Vincenzo,IC 2 Trotula de Ruggiero,Mercato San Severino,SA,"Via San Vincenzo - Curteri, 84085 Mercato San Severino (SA)",089 826553,saic8cd00e@istruzione.it,sì,https://www.ictrotuladeruggieromss.edu.it,64,18.9,23
SAAA8CD02C,infanzia statale,Sant'Alfonso Maria de' Liguori,IC 2 Trotula de Ruggiero,Mercato San Severino,SA,"Via Nocelleto 2, 84085 Mercato San Severino (SA)",089 820461,saic8cd00e@istruzione.it,sì,https://www.ictrotuladeruggieromss.edu.it,16,18.9,23
SAAA8CD04E,infanzia statale,Sant'Angelo,IC 2 Trotula de Ruggiero,Mercato San Severino,SA,"Via Eliseo 24, 84085 Mercato San Severino (SA)",089 894642,saic8cd00e@istruzione.it,sì,https://www.ictrotuladeruggieromss.edu.it,67,18.9,23
SAEE8CD02N,primaria statale,Costa,IC 2 Trotula de Ruggiero,Mercato San Severino,SA,"Piazza Padre Basilio Pergamo 10, 84085 Mercato San Severino (SA)",089 894815,saic8cd00e@istruzione.it,sì,https://www.ictrotuladeruggieromss.edu.it,34,18.9,23
SAEE8CD03P,primaria statale,Curteri,IC 2 Trotula de Ruggiero,Mercato San Severino,SA,"Via Sant'Andrea Villani 8, 84085 Mercato San Severino (SA)",089 826551,saic8cd00e@istruzione.it,sì,https://www.ictrotuladeruggieromss.edu.it,58,18.9,23
SAEE8CD04Q,primaria statale,Don G. De Angelis,IC 2 Trotula de Ruggiero,Mercato San Severino,SA,"Via Don Gaetano Fimiani 1, 84085 Mercato San Severino (SA)",089 894822,saic8cd00e@istruzione.it,sì,https://www.ictrotuladeruggieromss.edu.it,153,18.9,23
SAEE8CD05R,primaria statale,Piazza del Galdo,IC 2 Trotula de Ruggiero,Mercato San Severino,SA,"Via Domenico Cirillo 66, 84085 Mercato San Severino (SA)",089 894816,saic8cd00e@istruzione.it,sì,https://www.ictrotuladeruggieromss.edu.it,69,18.9,23
SAEE8CD06T,primaria statale,San Vincenzo,IC 2 Trotula de Ruggiero,Mercato San Severino,SA,"Via San Vincenzo - Curteri, 84080 Mercato San Severino (SA)",089 826553,saic8cd00e@istruzione.it,sì,https://www.ictrotuladeruggieromss.edu.it,173,18.9,23
SAEE8CD01L,primaria statale,Sant'Alfonso Maria de' Liguori,IC 2 Trotula de Ruggiero,Mercato San Severino,SA,"Via Nocelleto 2, 84085 Mercato San Severino (SA)",089 820461,saic8cd00e@istruzione.it,sì,https://www.ictrotuladeruggieromss.edu.it,49,18.9,23
SAAA8CC04P,infanzia statale,Don Salvatore Guadagno,IC San Tommaso d'Aquino,Mercato San Severino,SA,"Via Municipio, 84085 Mercato San Severino (SA)",089 825722,saic8cc00p@istruzione.it,sì,https://www.icsantommasodaquinomercatosanseverino.edu.it,51,18.9,23
SAAA8CC05Q,infanzia statale,E. Coppola,IC San Tommaso d'Aquino,Mercato San Severino,SA,"Via Rimembranza, 84085 Mercato San Severino (SA)",089 2960612,saic8cc00p@istruzione.it,sì,https://www.icsantommasodaquinomercatosanseverino.edu.it,59,18.9,23
SAAA8CC03N,infanzia statale,Pandola,IC San Tommaso d'Aquino,Mercato San Severino,SA,"Via delle Puglie, 84085 Mercato San Severino (SA)",089 9760969,saic8cc00p@istruzione.it,sì,https://www.icsantommasodaquinomercatosanseverino.edu.it,23,18.9,23
SAAA8CC01G,infanzia statale,Pizzone,IC San Tommaso d'Aquino,Mercato San Severino,SA,"Via Pizzone, 84085 Mercato San Severino (SA)",089 2967984,saic8cc00p@istruzione.it,sì,https://www.icsantommasodaquinomercatosanseverino.edu.it,63,18.9,23
SAAA8CC02L,infanzia statale,Spiano,IC San Tommaso d'Aquino,Mercato San Severino,SA,"Piazza Santa Croce, 84085 Mercato San Severino (SA)",089 898250,saic8cc00p@istruzione.it,sì,https://www.icsantommasodaquinomercatosanseverino.edu.it,7,18.9,23
SAEE8CC02T,primaria statale,Don Salvatore Guadagno,IC San Tommaso d'Aquino,Mercato San Severino,SA,"Via Municipio, 84085 Mercato San Severino (SA)",089 825722,saic8cc00p@istruzione.it,sì,https://www.icsantommasodaquinomercatosanseverino.edu.it,184,18.9,23
SAEE8CC01R,primaria statale,E. Coppola,IC San Tommaso d'Aquino,Mercato San Severino,SA,"Via Rimembranza, 84085 Mercato San Severino (SA)",089 2960612,saic8cc00p@istruzione.it,sì,https://www.icsantommasodaquinomercatosanseverino.edu.it,210,18.9,23
SAEE8CC03V,primaria statale,Pandola,IC San Tommaso d'Aquino,Mercato San Severino,SA,"Via delle Puglie, 84085 Mercato San Severino (SA)",089 9760969,saic8cc00p@istruzione.it,sì,https://www.icsantommasodaquinomercatosanseverino.edu.it,43,18.9,23
SAEE8CC04X,primaria statale,Pizzone,IC San Tommaso d'Aquino,Mercato San Severino,SA,"Via Pizzone, 84085 Mercato San Severino (SA)",089 2967984,saic8cc00p@istruzione.it,sì,https://www.icsantommasodaquinomercatosanseverino.edu.it,132,18.9,23
SA1AO6500Q,infanzia paritaria,Crescere Insieme,,Mercato San Severino,SA,"Via Trieste 49, 84085 Mercato San Severino (SA)",089 890441,maternasscrescere@libero.it,sì,,83,18.9,23
SA1A02200P,infanzia paritaria,La Tenda,,Mercato San Severino,SA,"Via Cirillo 55, 84080 Mercato San Severino (SA)",089 893286,info@centrolatenda.it,sì,,48,18.9,23
SA1A059009,infanzia paritaria,Maria Santissima del Rosario,,Mercato San Severino,SA,"Piazza E. Imperio 7, 84085 Mercato San Severino (SA)",089 879193,paideiasrlimpresasociale@gmail.com,sì,,38,18.9,23
AVAA864034,infanzia statale,Via L. Auricchio,IC Alessandro Manzoni,Quadrelle,AV,"Via L. Auricchio, 83020 Quadrelle (AV)",328 664 2823,avic864005@istruzione.it,sì,https://www.icmanzoni.it,24,18.9,30
AVEE864039,primaria statale,Padre Pio,IC Alessandro Manzoni,Quadrelle,AV,"Via Aldo Moro, 83020 Quadrelle (AV)",081 5111049,avic864005@istruzione.it,sì,https://www.icmanzoni.it,79,18.9,30
AVAA864012,infanzia statale,Via Acierno,IC Alessandro Manzoni,Sirignano,AV,"Via Acierno, 83020 Sirignano (AV)",081 5111441,avic864005@istruzione.it,sì,https://www.icmanzoni.it,42,19.1,29
AVEE864017,primaria statale,Rosa Finelli,IC Alessandro Manzoni,Sirignano,AV,"Via Domenico Acierno, 83020 Sirignano (AV)",081 5112441,avic864005@istruzione.it,sì,https://www.icmanzoni.it,92,19.1,29
AV1A058008,infanzia paritaria,La Girandola,,Sirignano,AV,"Via Fiordelisi 42, 83020 Sirignano (AV)",081 5111597,lagirandolasas@alice.it,sì,,44,19.1,29
NAAA323049,infanzia statale,Parco Leone,3° Circolo Didattico Madre Teresa di Calcutta,Casalnuovo di Napoli,NA,"Via G.d'annunzio, 80013 Casalnuovo di Napoli (NA)",081 5224723,naee32300a@istruzione.it,sì,https://www.terzocircolocasalnuovo.edu.it,214,19.3,33
NAAA323027,infanzia statale,Via delle Puglie,3° Circolo Didattico Madre Teresa di Calcutta,Casalnuovo di Napoli,NA,"Via delle Puglie 105, 80013 Casalnuovo di Napoli (NA)",081 5224760,naee32300a@istruzione.it,sì,https://www.terzocircolocasalnuovo.edu.it,196,19.3,33
NAEE32302C,primaria statale,Madre Teresa di Calcutta,3° Circolo Didattico Madre Teresa di Calcutta,Casalnuovo di Napoli,NA,"Via Nazionale Puglie 105, 80013 Casalnuovo di Napoli (NA)",081 5224760,naee32300a@istruzione.it,sì,https://www.terzocircolocasalnuovo.edu.it,450,19.3,33
NAEE32304E,primaria statale,Parco Leone,3° Circolo Didattico Madre Teresa di Calcutta,Casalnuovo di Napoli,NA,"Via G. D'Annunzio, 80013 Casalnuovo di Napoli (NA)",081 5224723,naee32300a@istruzione.it,sì,https://www.terzocircolocasalnuovo.edu.it,475,19.3,33
NAAA8AJ01V,infanzia statale,Marconi,IC Aldo Moro,Casalnuovo di Napoli,NA,"Via Marconi 8, 80013 Casalnuovo di Napoli (NA)",081 8423190,naic8aj002@istruzione.it,sì,https://www.icsaldomoro.edu.it,104,19.3,33
NAAA8AJ029,infanzia statale,Mennella,IC Aldo Moro,Casalnuovo di Napoli,NA,"Via F. Mennella, 80013 Casalnuovo di Napoli (NA)",081 8423190,naic8aj002@istruzione.it,sì,https://www.icsaldomoro.edu.it,41,19.3,33
NAEE8AJ014,primaria statale,Marconi,IC Aldo Moro,Casalnuovo di Napoli,NA,"Via Marconi 8, 80013 Casalnuovo di Napoli (NA)",081 5224630,naic8aj002@istruzione.it,sì,https://www.icsaldomoro.edu.it,228,19.3,33
NAEE8AJ03G,primaria statale,Mennella,IC Aldo Moro,Casalnuovo di Napoli,NA,"Via Mennella, 80015 Casalnuovo di Napoli (NA)",081 8423190,naic8aj002@istruzione.it,sì,https://www.icsaldomoro.edu.it,112,19.3,33
NAAA8HJ02G,infanzia statale,Corso Umberto I,IC De Curtis-Ragazzi d'Europa,Casalnuovo di Napoli,NA,"Corso Umberto 99, 80013 Casalnuovo di Napoli (NA)",081 5224248,naic8hj00n@istruzione.it,sì,https://www.icdecurtisragazzideuropa.edu.it,120,19.3,33
NAAA8HJ01E,infanzia statale,Iazzetta,IC De Curtis-Ragazzi d'Europa,Casalnuovo di Napoli,NA,"Via Iazzetta, 80013 Casalnuovo di Napoli (NA)",081 8034588,naic8hj00n@istruzione.it,sì,https://www.icdecurtisragazzideuropa.edu.it,84,19.3,33
NAAA8HJ04N,infanzia statale,Strettola,IC De Curtis-Ragazzi d'Europa,Casalnuovo di Napoli,NA,"Via Strettola Romano, 80013 Casalnuovo di Napoli (NA)",081 5228764,naic8hj00n@istruzione.it,sì,https://www.icdecurtisragazzideuropa.edu.it,73,19.3,33
NAEE8HJ01Q,primaria statale,De Curtis,IC De Curtis-Ragazzi d'Europa,Casalnuovo di Napoli,NA,"Via De Curtis, 80013 Casalnuovo di Napoli (NA)",081 8423239,naic8hj00n@istruzione.it,sì,https://www.icdecurtisragazzideuropa.edu.it,304,19.3,33
NAEE8HJ02R,primaria statale,De Filippo,IC De Curtis-Ragazzi d'Europa,Casalnuovo di Napoli,NA,"Via De Filippo, 80013 Casalnuovo di Napoli (NA)",081 5224248,naic8hj00n@istruzione.it,sì,https://www.icdecurtisragazzideuropa.edu.it,94,19.3,33
NAEE8HJ03T,primaria statale,Via Iazzetta,IC De Curtis-Ragazzi d'Europa,Casalnuovo di Napoli,NA,"Viale dei Tigli, 80013 Casalnuovo di Napoli (NA)",081 8033006,naic8hj00n@istruzione.it,sì,https://www.icdecurtisragazzideuropa.edu.it,99,19.3,33
NAEE8HJ04V,primaria statale,Via Strettola,IC De Curtis-Ragazzi d'Europa,Casalnuovo di Napoli,NA,"Via Strettola Romano, 80013 Casalnuovo di Napoli (NA)",081 5228764,naic8hj00n@istruzione.it,sì,https://www.icdecurtisragazzideuropa.edu.it,133,19.3,33
NAAA89801X,infanzia statale,Via Benevento,IC De Nicola,Casalnuovo di Napoli,NA,"Via Benevento, 80013 Casalnuovo di Napoli (NA)",081 8423128,naic898003@istruzione.it,sì,https://www.icdenicola.edu.it,135,19.3,33
NAEE898015,primaria statale,Via Benevento,IC De Nicola,Casalnuovo di Napoli,NA,"Via Benevento, 80013 Casalnuovo di Napoli (NA)",081 3176362,naic898003@istruzione.it,sì,https://www.icdenicola.edu.it,276,19.3,33
NAAA87901E,infanzia statale,Casarea,IC Viviani,Casalnuovo di Napoli,NA,"Frazione Casarea, 80013 Casalnuovo di Napoli (NA)",081 5229384,naic87900n@istruzione.it,sì,https://www.icvivianicasalnuovona.edu.it,84,19.3,33
NAAA87902G,infanzia statale,Tavernanova,IC Viviani,Casalnuovo di Napoli,NA,"Via Zì Carlo Frazione Tavernanova, 80013 Casalnuovo di Napoli (NA)",081 5222993,naic87900n@istruzione.it,sì,https://www.icvivianicasalnuovona.edu.it,36,19.3,33
NAEE87901Q,primaria statale,Casarea,IC Viviani,Casalnuovo di Napoli,NA,"Via Casarea, 80013 Casalnuovo di Napoli (NA)",081 5229385,naic87900n@istruzione.it,sì,https://www.icvivianicasalnuovona.edu.it,126,19.3,33
NAEE87902R,primaria statale,Tavernanova,IC Viviani,Casalnuovo di Napoli,NA,"Via Zi Carlo -Frazionetavernanova, 80013 Casalnuovo di Napoli (NA)",081 5222993,naic87900n@istruzione.it,sì,https://www.icvivianicasalnuovona.edu.it,92,19.3,33
NA1A037002,infanzia paritaria,Apostole del Sacro Cuore,,Casalnuovo di Napoli,NA,"Corso Umberto I 326, 80013 Casalnuovo di Napoli (NA)",081 8423036,sacro.cuore@libero.it,sì,,55,19.3,33
NA1A18900G,infanzia paritaria,Babylandia,,Casalnuovo di Napoli,NA,"Via De Curtis Parco Finco, 80013 Casalnuovo di Napoli (NA)",081 5228551,babylandia.help@virgilio.it,sì,,32,19.3,33
NA1A09100P,infanzia paritaria,Istituto San Giuseppe,,Casalnuovo di Napoli,NA,"Via Virnicchi 115, 80013 Casalnuovo di Napoli (NA)",081 8423059,segreteria@scuolasangiuseppe.info,sì,,122,19.3,33
NA1A539002,infanzia paritaria,L'Albero Azzurro,,Casalnuovo di Napoli,NA,"Via Raffaello 7, 80013 Casalnuovo di Napoli (NA)",081 8420743,luisadicitore@virgilio.it,no: indirizzo personale,,59,19.3,33
NA1A8T500F,infanzia paritaria,La Casa di Cleo,,Casalnuovo di Napoli,NA,"Via Gramsci 15, 80013 Casalnuovo di Napoli (NA)",334 650 4207,lacasadicleo@libero.it,sì,,53,19.3,33
NA1A433006,infanzia paritaria,La Serena,,Casalnuovo di Napoli,NA,"Via Lagno 2, 80013 Casalnuovo di Napoli (NA)",081 8424466,istitutolaserena@libero.it,sì,http://www.scuolalaserena.it,65,19.3,33
NA1E01900A,primaria paritaria,Apostole del Sacro Cuore,,Casalnuovo di Napoli,NA,"Corso Umberto 326, 80013 Casalnuovo di Napoli (NA)",081 8423036,sacro.cuore@libero.it,sì,https://www.sacrocuorecasalnuovo.it,74,19.3,33
NA1E20700T,primaria paritaria,Istituto Collodi,,Casalnuovo di Napoli,NA,"Via Eduardo De Filippo 36, 80040 Casalnuovo di Napoli (NA)",081 7122852,stellamattutina2015@libero.it,sì,,28,19.3,33
NA1E02000E,primaria paritaria,Istituto San Giuseppe,,Casalnuovo di Napoli,NA,"Via Virnicchi 107, 80013 Casalnuovo di Napoli (NA)",081 8423059,segreteria@scuolasangiuseppe.info,sì,https://www.scuolasangiuseppe.info,91,19.3,33
NA1E13300D,primaria paritaria,La Serena,,Casalnuovo di Napoli,NA,"Via Lagno 2, 80013 Casalnuovo di Napoli (NA)",081 8424466,istitutolaserena@libero.it,sì,http://www.scuolalaserena.it,89,19.3,33
AVAA880021,infanzia statale,Banzano,IC Galiani,Montoro,AV,"Via San Valentiniano, 83025 Montoro (AV)",0825 597687,avic880003@istruzione.it,sì,https://www.istitutocomprensivomontorosuperiore.edu.it,47,19.4,28
AVAA880054,infanzia statale,San Pietro,IC Galiani,Montoro,AV,"Strada Provinciale 90, 83025 Montoro (AV)",0825 521144,avic880003@istruzione.it,sì,https://www.istitutocomprensivomontorosuperiore.edu.it,41,19.4,28
AVAA88001X,infanzia statale,Torchiati,IC Galiani,Montoro,AV,"Via Municipio 1, 83025 Montoro (AV)",0825 523525,avic880003@istruzione.it,sì,https://www.istitutocomprensivomontorosuperiore.edu.it,50,19.4,28
AVEE880037,primaria statale,Banzano,IC Galiani,Montoro,AV,"Via San Valentiniano, 83025 Montoro (AV)",0825 597680,avic880003@istruzione.it,sì,https://www.istitutocomprensivomontorosuperiore.edu.it,138,19.4,28
AVEE880048,primaria statale,San Pietro,IC Galiani,Montoro,AV,"Via Sant'Eustachio, 83025 Montoro (AV)",0825 520519,avic880003@istruzione.it,sì,https://www.istitutocomprensivomontorosuperiore.edu.it,199,19.4,28
AVEE880015,primaria statale,Torchiati,IC Galiani,Montoro,AV,"Via Edmondo De Amicis, 83025 Montoro (AV)",0825 523516,avic880003@istruzione.it,sì,https://www.istitutocomprensivomontorosuperiore.edu.it,111,19.4,28
AVAA87901Q,infanzia statale,Alberto Manzi,IC Michele Pironti,Montoro,AV,"Via L. da Vinci, 83025 Montoro (AV)",0825 596150,avic87900v@istruzione.it,sì,https://www.icmontoropironti.edu.it,87,19.4,28
AVAA87903T,infanzia statale,Piano,IC Michele Pironti,Montoro,AV,"Via Fiore, 83025 Montoro (AV)",0825 503183,avic87900v@istruzione.it,sì,https://www.icmontoropironti.edu.it,56,19.4,28
AVEE879022,primaria statale,Alberto Manzi,IC Michele Pironti,Montoro,AV,"Via L. da Vinci, 83025 Montoro (AV)",0825 596150,avic87900v@istruzione.it,sì,https://www.icmontoropironti.edu.it,168,19.4,28
AVEE879011,primaria statale,Madre Teresa di Calcutta,IC Michele Pironti,Montoro,AV,"Via E. De Amicis 4, 83025 Montoro (AV)",0825 503220,avic87900v@istruzione.it,sì,https://www.icmontoropironti.edu.it,212,19.4,28
AV1AM7500I,infanzia paritaria,Crescere Insieme,,Montoro,AV,"Via Nocellato Frazione Caliano, 83025 Montoro (AV)",0825 1830070,crescereinsiememontoro@gmail.com,sì,,74,19.4,28
AV1A05000N,infanzia paritaria,Giosuè Cipolletti,,Montoro,AV,"Via Casale di Sopra 1, 83026 Montoro (AV)",0825 520817,g_cipolletti@alice.it,sì,,,19.4,28
AV1A03500G,infanzia paritaria,Giovanni XXIII,,Montoro,AV,"Via G. Marconi 196, 83025 Montoro (AV)",347 888 0584,giovanni23scuola@gmail.com,sì,,54,19.4,28
AV1AA25008,infanzia paritaria,Gli Amici di Winnie the Pooh,,Montoro,AV,"Via G. Garibaldi 5, 83025 Montoro (AV)",388 906 6767,donniacuo.antonietta@libero.it,no: indirizzo personale,,52,19.4,28
AV1A03000C,infanzia paritaria,Il Piccolo Principe,,Montoro,AV,"Via Michelangelo Testa, 83025 Montoro (AV)",0825 502662,galdieri.alfred@gmail.com,no: indirizzo personale,,43,19.4,28
AV1ANN5006,infanzia paritaria,New English Curriculum School,,Montoro,AV,"Via Turci, 83026 Montoro (AV)",,g_cipolletti@alice.it,sì,,,19.4,28
AV1ETA500G,primaria paritaria,English Curriculum School,,Montoro,AV,"Via Casale di Sopra 1, 83026 Montoro (AV)",,g_cipolletti@alice.it,sì,,,19.4,28
NAAA8FX03A,infanzia statale,Nazario Sauro,IC Roccarainola,Roccarainola,NA,"Via N. Sauro, 80030 Roccarainola (NA)",081 5118423,naic8fx00b@istruzione.it,sì,https://www.icroccarainola.edu.it,53,19.5,31
NAAA8FX04B,infanzia statale,Via Sasso,IC Roccarainola,Roccarainola,NA,"Via Circumvallazione, 80030 Roccarainola (NA)",081 5118322,naic8fx00b@istruzione.it,sì,https://www.icroccarainola.edu.it,42,19.5,31
NAEE8FX02E,primaria statale,San Giovanni I,IC Roccarainola,Roccarainola,NA,"Piazza San Giovanni, 80030 Roccarainola (NA)",081 8293267,naic8fx00b@istruzione.it,sì,https://www.icroccarainola.edu.it,76,19.5,31
NAEE8FX03G,primaria statale,San Giovanni II,IC Roccarainola,Roccarainola,NA,"Via San Nicola, 80030 Roccarainola (NA)",081 5118585,naic8fx00b@istruzione.it,sì,https://www.icroccarainola.edu.it,147,19.5,31
